store_id,product_id,mean_sales,stockout_hours,rows,censor_rate,selection_hash,censor_stratum,series_id
20,247,0.3867741935483871,221,62,0.22278225806451613,000f5268bb8d3053729986392eb435d0b3d61e633ae4531f03149555cd538689,2,FRN_0247@S0020
21,363,0.397741935483871,261,62,0.26310483870967744,002e4ffcd00a78b72ee06893c10b09f6d2edf5e3d4bde39f5d4f626d9fe784da,2,FRN_0363@S0021
54,210,0.33564516129032257,235,62,0.2368951612903226,000a217ebcc64813bba812181b93ab0598c6f355bbdd29e35d78b7e742c8122e,2,FRN_0210@S0054
137,218,0.9075806451612903,172,62,0.17338709677419356,0014ca19e22e386c8e2800029b8edf10deb63fa7c599abb38938e0b6c2432a8b,1,FRN_0218@S0137
156,635,0.812258064516129,181,62,0.18245967741935484,00027be1a8d9a86d25bec52df270cec4bb8de8b3dad0f1cda446546995b71627,1,FRN_0635@S0156
173,422,0.9370967741935484,201,62,0.20262096774193547,0033d7393623f90c0c9d2b00d1b0b1e3b8b8c77f37c9e379d8f61d97be449413,1,FRN_0422@S0173
181,738,0.28822580645161294,235,62,0.2368951612903226,003050ced2a1fc48789b99d71e1f4bb62d017132dd5ba2d310522dda25e7ee56,2,FRN_0738@S0181
191,190,0.8354838709677419,88,62,0.08870967741935484,0026e8cc09a673b7b7a9071dd5859e30c0bd484978966556d56dd34a6daf359e,0,FRN_0190@S0191
202,295,0.3764516129032258,188,62,0.18951612903225806,002356a959d2ef168b8864f37578664a3364ed6ec31078154de7af38b6d4c5bb,1,FRN_0295@S0202
202,653,0.35193548387096774,147,62,0.14818548387096775,00257c320ab115f45a82a6cfe8b119498ef579102d45b970a6e93b701c795c05,0,FRN_0653@S0202
219,635,0.4240322580645161,177,62,0.17842741935483872,00367c639360ce2c18b610f87b6672d6e9177c2c935ac9a3f18a84b1aae28190,1,FRN_0635@S0219
231,473,0.5161290322580645,149,62,0.1502016129032258,0027262c83b566a59ed56051bf303752654ca463e5c61054a1d68a2084c7979d,0,FRN_0473@S0231
259,802,0.8483870967741935,158,62,0.1592741935483871,00066d7141c42955bfca655689aa539fc14203bc639bcddd655d0053e7b2bfcb,0,FRN_0802@S0259
298,769,0.7,127,62,0.1280241935483871,000c4563162c81fb7b2a64721a17fdb5d57d456c13fafa96f056477818098919,0,FRN_0769@S0298
300,843,0.5435483870967742,324,62,0.32661290322580644,0043ef777ecb6720b904126722bde26afca4ef47bbc19c6c42091f0b1b0df55e,2,FRN_0843@S0300
301,682,0.9629032258064517,97,62,0.09778225806451613,00053f9df807f03edb47e25195fd31a96f18986ad5e2d2ea39ec7dad02d8e96f,0,FRN_0682@S0301
334,834,0.5129032258064516,599,62,0.6038306451612904,003775fd7076030b492b996c3de2bcbb87842118bfeb2e4841a5f58b05de7b1e,2,FRN_0834@S0334
355,802,0.720967741935484,163,62,0.16431451612903225,000d3afc1e95648e42de01d83f804b672be79dcc77309f41cbd4888994be2564,1,FRN_0802@S0355
410,810,0.4890322580645161,99,62,0.09979838709677419,002dfce207037df6ed8decbada36773afcc76302b734973b1a3f3bae8c2c656f,0,FRN_0810@S0410
413,715,0.3545161290322581,235,62,0.2368951612903226,004b738fa7b17a9baad84e33e9c46c8ef0090141a0d4806fb7e46d79ab42b5d1,2,FRN_0715@S0413
423,650,0.45596774193548384,146,62,0.14717741935483872,00169f7723417b0c5f62db4aadc4a4ca32b5d2febd9239aa26c30a33b32c723a,0,FRN_0650@S0423
474,729,0.49354838709677423,109,62,0.10987903225806452,002f86d69bc30865dfc1c4d5577f2d69f7fe2c0fa954a9fbb4f8e3e1742c473a,0,FRN_0729@S0474
482,218,0.6645161290322581,113,62,0.11391129032258064,0020ca0cf0325581822d3605b779f5551560cde10d33cda1fe25ad867516e355,0,FRN_0218@S0482
484,620,0.607741935483871,192,62,0.1935483870967742,002703698a37600d5e62a933947cc7b59e3eda8889a31ec759e02668898951eb,1,FRN_0620@S0484
521,577,0.4224193548387097,172,62,0.17338709677419356,00182b265c3a34ed03eb7cf15ee65f29916d2f566f4fb7810cde5c16e39000d1,1,FRN_0577@S0521
649,834,0.9241935483870968,454,62,0.4576612903225806,0047eb885b068e226fd64b2857a27206d62bf00439ad1527e773cfd33b85630e,2,FRN_0834@S0649
805,560,0.577258064516129,176,62,0.1774193548387097,0034a54621ab1fdcf4a2102ed21014807944464fba5c68f0dc6495fedee9b004,1,FRN_0560@S0805
851,74,0.5538709677419356,220,62,0.2217741935483871,00308edc44702e9bd626acaf2917d70e532aabcebe683159b913b19d8018c2f1,2,FRN_0074@S0851
861,402,0.5662903225806452,194,62,0.19556451612903225,002ddfa15b9a34a24b84e2187fe08a4d1ffd155745bfd098f8a774cf08481973,1,FRN_0402@S0861
877,379,0.5451612903225808,550,62,0.5544354838709677,00373f4e3b99a2814a5c5fde5fc3e02ad3f04d586285b556693618f8b353df20,2,FRN_0379@S0877
