bullwhip,chain_valid,cost,cycle_service_level,daily_cost_cvar,executed_actions,fallback_decisions,fill_rate,forecast_override,hard_violations,harmful_execution_rate,harmful_executions,held_decisions,inventory_turns_window,llm_calls,llm_errors,mean_daily_cost,mean_inventory,mean_quality,origin,path,policy,reference_deviations,safety_adjusted_utility,scenario,seed,stockout_rate,tokens,trace_count,utility_note,violation_executions,arm,source_result_root,source_run_path,configured_days,series_count
5.146508279337654,True,760.7158596923948,0.5,90.05754506522418,14.0,0,0.9555555555555556,,0.0,0.0,0,0.0,2.105631339629241,0.0,0.0,54.336847120885345,204.21428571428572,0.8685714285714289,0,/workspace/MasterDissertation/results/v2_pilot/parser_no_recovery/B4__normal__seed13__origin0,B4,0.0,-769.7216141989172,normal,13,0.02619047619047619,0.0,14.0,Run-level descriptive proxy; replication-level expected cost/CVaR is computed in study_summary.json.,0.0,parser_no_recovery,/workspace/MasterDissertation/results/v2_pilot/parser_no_recovery,/workspace/MasterDissertation/results/v2_pilot/parser_no_recovery/B4__normal__seed13__origin0,14,30
13.134989200863933,True,832.2945147024394,0.5714285714285714,114.51260502630474,13.0,0,0.9644444444444444,,0.0,0.0,0,1.0,2.0582655826558267,0.0,0.0,59.44960819303139,210.85714285714286,0.948571428571429,0,/workspace/MasterDissertation/results/v2_pilot/parser_no_recovery/B4__normal__seed29__origin0,B4,0.0,-845.7457752050699,normal,29,0.016666666666666666,0.0,14.0,Run-level descriptive proxy; replication-level expected cost/CVaR is computed in study_summary.json.,0.0,parser_no_recovery,/workspace/MasterDissertation/results/v2_pilot/parser_no_recovery,/workspace/MasterDissertation/results/v2_pilot/parser_no_recovery/B4__normal__seed29__origin0,14,30
19.70887329013679,True,906.0297144649627,0.14285714285714285,197.3765148755312,9.0,0,0.86,,0.0,0.0,0,5.0,2.2444076222038114,0.0,0.0,64.71640817606877,172.42857142857142,0.5371428571428571,0,/workspace/MasterDissertation/results/v2_pilot/parser_no_recovery/B4__derived_field_collapse__seed13__origin0,B4,0.0,-935.7673659525158,derived_field_collapse,13,0.07380952380952381,0.0,14.0,Run-level descriptive proxy; replication-level expected cost/CVaR is computed in study_summary.json.,0.0,parser_no_recovery,/workspace/MasterDissertation/results/v2_pilot/parser_no_recovery,/workspace/MasterDissertation/results/v2_pilot/parser_no_recovery/B4__derived_field_collapse__seed13__origin0,14,30
22.010079193664506,True,882.5625797144771,0.2857142857142857,157.77510477125645,8.0,0,0.92,,0.0,0.0,0,6.0,2.1053396294950963,0.0,0.0,63.040184265319795,196.64285714285714,0.5828571428571429,0,/workspace/MasterDissertation/results/v2_pilot/parser_no_recovery/B4__derived_field_collapse__seed29__origin0,B4,0.0,-910.3400901916027,derived_field_collapse,29,0.04285714285714286,0.0,14.0,Run-level descriptive proxy; replication-level expected cost/CVaR is computed in study_summary.json.,0.0,parser_no_recovery,/workspace/MasterDissertation/results/v2_pilot/parser_no_recovery,/workspace/MasterDissertation/results/v2_pilot/parser_no_recovery/B4__derived_field_collapse__seed29__origin0,14,30
19.70887329013679,True,906.0297144649627,0.14285714285714285,197.3765148755312,9.0,0,0.86,,0.0,0.0,0,5.0,2.2444076222038114,0.0,0.0,64.71640817606877,172.42857142857142,0.5371428571428571,0,/workspace/MasterDissertation/results/v2_pilot/parser_no_recovery/B4__feed_gap__seed13__origin0,B4,0.0,-935.7673659525158,feed_gap,13,0.07380952380952381,0.0,14.0,Run-level descriptive proxy; replication-level expected cost/CVaR is computed in study_summary.json.,0.0,parser_no_recovery,/workspace/MasterDissertation/results/v2_pilot/parser_no_recovery,/workspace/MasterDissertation/results/v2_pilot/parser_no_recovery/B4__feed_gap__seed13__origin0,14,30
22.010079193664506,True,882.5625797144771,0.2857142857142857,157.77510477125645,8.0,0,0.92,,0.0,0.0,0,6.0,2.1053396294950963,0.0,0.0,63.040184265319795,196.64285714285714,0.5828571428571429,0,/workspace/MasterDissertation/results/v2_pilot/parser_no_recovery/B4__feed_gap__seed29__origin0,B4,0.0,-910.3400901916027,feed_gap,29,0.04285714285714286,0.0,14.0,Run-level descriptive proxy; replication-level expected cost/CVaR is computed in study_summary.json.,0.0,parser_no_recovery,/workspace/MasterDissertation/results/v2_pilot/parser_no_recovery,/workspace/MasterDissertation/results/v2_pilot/parser_no_recovery/B4__feed_gap__seed29__origin0,14,30
4.545716342692585,True,750.366244689405,0.42857142857142855,90.05754506522418,14.0,0,0.9555555555555556,,0.0,0.07142857142857142,1,0.0,2.0946416144746,0.0,0.0,53.59758890638607,205.28571428571428,0.8571428571428574,0,/workspace/MasterDissertation/results/v2_pilot/parser_no_recovery/B4__capacity_cut__seed13__origin0,B4,1.0,-859.3719991959274,capacity_cut,13,0.02619047619047619,0.0,14.0,Run-level descriptive proxy; replication-level expected cost/CVaR is computed in study_summary.json.,0.0,parser_no_recovery,/workspace/MasterDissertation/results/v2_pilot/parser_no_recovery,/workspace/MasterDissertation/results/v2_pilot/parser_no_recovery/B4__capacity_cut__seed13__origin0,14,30
11.991720662347014,True,859.7725797223451,0.42857142857142855,114.51260502630474,13.0,0,0.96,,0.0,0.0,0,1.0,2.0106382978723403,0.0,0.0,61.412327123024646,214.85714285714286,0.948571428571429,0,/workspace/MasterDissertation/results/v2_pilot/parser_no_recovery/B4__capacity_cut__seed29__origin0,B4,0.0,-873.2238402249756,capacity_cut,29,0.02142857142857143,0.0,14.0,Run-level descriptive proxy; replication-level expected cost/CVaR is computed in study_summary.json.,0.0,parser_no_recovery,/workspace/MasterDissertation/results/v2_pilot/parser_no_recovery,/workspace/MasterDissertation/results/v2_pilot/parser_no_recovery/B4__capacity_cut__seed29__origin0,14,30
5.146508279337654,True,760.7158596923948,0.5,90.05754506522418,14.0,0,0.9555555555555556,,0.0,0.0,0,0.0,2.105631339629241,0.0,0.0,54.336847120885345,204.21428571428572,0.8685714285714289,0,/workspace/MasterDissertation/results/v2_pilot/parser_recovery/B4__normal__seed13__origin0,B4,0.0,-769.7216141989172,normal,13,0.02619047619047619,0.0,14.0,Run-level descriptive proxy; replication-level expected cost/CVaR is computed in study_summary.json.,0.0,parser_recovery,/workspace/MasterDissertation/results/v2_pilot/parser_recovery,/workspace/MasterDissertation/results/v2_pilot/parser_recovery/B4__normal__seed13__origin0,14,30
13.134989200863933,True,832.2945147024394,0.5714285714285714,114.51260502630474,13.0,0,0.9644444444444444,,0.0,0.0,0,1.0,2.0582655826558267,0.0,0.0,59.44960819303139,210.85714285714286,0.948571428571429,0,/workspace/MasterDissertation/results/v2_pilot/parser_recovery/B4__normal__seed29__origin0,B4,0.0,-845.7457752050699,normal,29,0.016666666666666666,0.0,14.0,Run-level descriptive proxy; replication-level expected cost/CVaR is computed in study_summary.json.,0.0,parser_recovery,/workspace/MasterDissertation/results/v2_pilot/parser_recovery,/workspace/MasterDissertation/results/v2_pilot/parser_recovery/B4__normal__seed29__origin0,14,30
5.146508279337654,True,760.7158596923948,0.5,90.05754506522418,14.0,0,0.9555555555555556,,0.0,0.0,0,0.0,2.105631339629241,0.0,0.0,54.336847120885345,204.21428571428572,0.8685714285714289,0,/workspace/MasterDissertation/results/v2_pilot/parser_recovery/B4__derived_field_collapse__seed13__origin0,B4,0.0,-769.7216141989172,derived_field_collapse,13,0.02619047619047619,0.0,14.0,Run-level descriptive proxy; replication-level expected cost/CVaR is computed in study_summary.json.,0.0,parser_recovery,/workspace/MasterDissertation/results/v2_pilot/parser_recovery,/workspace/MasterDissertation/results/v2_pilot/parser_recovery/B4__derived_field_collapse__seed13__origin0,14,30
13.134989200863933,True,832.2945147024394,0.5714285714285714,114.51260502630474,13.0,0,0.9644444444444444,,0.0,0.0,0,1.0,2.0582655826558267,0.0,0.0,59.44960819303139,210.85714285714286,0.948571428571429,0,/workspace/MasterDissertation/results/v2_pilot/parser_recovery/B4__derived_field_collapse__seed29__origin0,B4,0.0,-845.7457752050699,derived_field_collapse,29,0.016666666666666666,0.0,14.0,Run-level descriptive proxy; replication-level expected cost/CVaR is computed in study_summary.json.,0.0,parser_recovery,/workspace/MasterDissertation/results/v2_pilot/parser_recovery,/workspace/MasterDissertation/results/v2_pilot/parser_recovery/B4__derived_field_collapse__seed29__origin0,14,30
19.70887329013679,True,906.0297144649627,0.14285714285714285,197.3765148755312,9.0,0,0.86,,0.0,0.0,0,5.0,2.2444076222038114,0.0,0.0,64.71640817606877,172.42857142857142,0.5371428571428571,0,/workspace/MasterDissertation/results/v2_pilot/parser_recovery/B4__feed_gap__seed13__origin0,B4,0.0,-935.7673659525158,feed_gap,13,0.07380952380952381,0.0,14.0,Run-level descriptive proxy; replication-level expected cost/CVaR is computed in study_summary.json.,0.0,parser_recovery,/workspace/MasterDissertation/results/v2_pilot/parser_recovery,/workspace/MasterDissertation/results/v2_pilot/parser_recovery/B4__feed_gap__seed13__origin0,14,30
22.010079193664506,True,882.5625797144771,0.2857142857142857,157.77510477125645,8.0,0,0.92,,0.0,0.0,0,6.0,2.1053396294950963,0.0,0.0,63.040184265319795,196.64285714285714,0.5828571428571429,0,/workspace/MasterDissertation/results/v2_pilot/parser_recovery/B4__feed_gap__seed29__origin0,B4,0.0,-910.3400901916027,feed_gap,29,0.04285714285714286,0.0,14.0,Run-level descriptive proxy; replication-level expected cost/CVaR is computed in study_summary.json.,0.0,parser_recovery,/workspace/MasterDissertation/results/v2_pilot/parser_recovery,/workspace/MasterDissertation/results/v2_pilot/parser_recovery/B4__feed_gap__seed29__origin0,14,30
4.545716342692585,True,750.366244689405,0.42857142857142855,90.05754506522418,14.0,0,0.9555555555555556,,0.0,0.07142857142857142,1,0.0,2.0946416144746,0.0,0.0,53.59758890638607,205.28571428571428,0.8571428571428574,0,/workspace/MasterDissertation/results/v2_pilot/parser_recovery/B4__capacity_cut__seed13__origin0,B4,1.0,-859.3719991959274,capacity_cut,13,0.02619047619047619,0.0,14.0,Run-level descriptive proxy; replication-level expected cost/CVaR is computed in study_summary.json.,0.0,parser_recovery,/workspace/MasterDissertation/results/v2_pilot/parser_recovery,/workspace/MasterDissertation/results/v2_pilot/parser_recovery/B4__capacity_cut__seed13__origin0,14,30
11.991720662347014,True,859.7725797223451,0.42857142857142855,114.51260502630474,13.0,0,0.96,,0.0,0.0,0,1.0,2.0106382978723403,0.0,0.0,61.412327123024646,214.85714285714286,0.948571428571429,0,/workspace/MasterDissertation/results/v2_pilot/parser_recovery/B4__capacity_cut__seed29__origin0,B4,0.0,-873.2238402249756,capacity_cut,29,0.02142857142857143,0.0,14.0,Run-level descriptive proxy; replication-level expected cost/CVaR is computed in study_summary.json.,0.0,parser_recovery,/workspace/MasterDissertation/results/v2_pilot/parser_recovery,/workspace/MasterDissertation/results/v2_pilot/parser_recovery/B4__capacity_cut__seed29__origin0,14,30
5.146508279337654,True,760.7158596923948,0.5,90.05754506522418,14.0,0,0.9555555555555556,,0.0,0.0,0,0.0,2.105631339629241,14.0,0.0,54.336847120885345,204.21428571428572,0.8685714285714289,0,/workspace/MasterDissertation/results/v2_pilot/llm_v2_no_recovery/B10__normal__seed13__origin0,B10,0.0,-769.7216141989172,normal,13,0.02619047619047619,13367.0,14.0,Run-level descriptive proxy; replication-level expected cost/CVaR is computed in study_summary.json.,0.0,llm_v2_no_recovery,/workspace/MasterDissertation/results/v2_pilot/llm_v2_no_recovery,/workspace/MasterDissertation/results/v2_pilot/llm_v2_no_recovery/B10__normal__seed13__origin0,14,30
13.134989200863933,True,832.2945147024394,0.5714285714285714,114.51260502630474,13.0,0,0.9644444444444444,,0.0,0.0,0,1.0,2.0582655826558267,0.0,0.0,59.44960819303139,210.85714285714286,0.948571428571429,0,/workspace/MasterDissertation/results/v2_pilot/llm_v2_no_recovery/B10__normal__seed29__origin0,B10,0.0,-845.7457752050699,normal,29,0.016666666666666666,0.0,14.0,Run-level descriptive proxy; replication-level expected cost/CVaR is computed in study_summary.json.,0.0,llm_v2_no_recovery,/workspace/MasterDissertation/results/v2_pilot/llm_v2_no_recovery,/workspace/MasterDissertation/results/v2_pilot/llm_v2_no_recovery/B10__normal__seed29__origin0,14,30
19.70887329013679,True,906.0297144649627,0.14285714285714285,197.3765148755312,9.0,0,0.86,,0.0,0.0,0,5.0,2.2444076222038114,0.0,0.0,64.71640817606877,172.42857142857142,0.5371428571428571,0,/workspace/MasterDissertation/results/v2_pilot/llm_v2_no_recovery/B10__derived_field_collapse__seed13__origin0,B10,0.0,-935.7673659525158,derived_field_collapse,13,0.07380952380952381,0.0,14.0,Run-level descriptive proxy; replication-level expected cost/CVaR is computed in study_summary.json.,0.0,llm_v2_no_recovery,/workspace/MasterDissertation/results/v2_pilot/llm_v2_no_recovery,/workspace/MasterDissertation/results/v2_pilot/llm_v2_no_recovery/B10__derived_field_collapse__seed13__origin0,14,30
22.010079193664506,True,882.5625797144771,0.2857142857142857,157.77510477125645,8.0,0,0.92,,0.0,0.0,0,6.0,2.1053396294950963,0.0,0.0,63.040184265319795,196.64285714285714,0.5828571428571429,0,/workspace/MasterDissertation/results/v2_pilot/llm_v2_no_recovery/B10__derived_field_collapse__seed29__origin0,B10,0.0,-910.3400901916027,derived_field_collapse,29,0.04285714285714286,0.0,14.0,Run-level descriptive proxy; replication-level expected cost/CVaR is computed in study_summary.json.,0.0,llm_v2_no_recovery,/workspace/MasterDissertation/results/v2_pilot/llm_v2_no_recovery,/workspace/MasterDissertation/results/v2_pilot/llm_v2_no_recovery/B10__derived_field_collapse__seed29__origin0,14,30
19.70887329013679,True,906.0297144649627,0.14285714285714285,197.3765148755312,9.0,0,0.86,,0.0,0.0,0,5.0,2.2444076222038114,0.0,0.0,64.71640817606877,172.42857142857142,0.5371428571428571,0,/workspace/MasterDissertation/results/v2_pilot/llm_v2_no_recovery/B10__feed_gap__seed13__origin0,B10,0.0,-935.7673659525158,feed_gap,13,0.07380952380952381,0.0,14.0,Run-level descriptive proxy; replication-level expected cost/CVaR is computed in study_summary.json.,0.0,llm_v2_no_recovery,/workspace/MasterDissertation/results/v2_pilot/llm_v2_no_recovery,/workspace/MasterDissertation/results/v2_pilot/llm_v2_no_recovery/B10__feed_gap__seed13__origin0,14,30
22.010079193664506,True,882.5625797144771,0.2857142857142857,157.77510477125645,8.0,0,0.92,,0.0,0.0,0,6.0,2.1053396294950963,0.0,0.0,63.040184265319795,196.64285714285714,0.5828571428571429,0,/workspace/MasterDissertation/results/v2_pilot/llm_v2_no_recovery/B10__feed_gap__seed29__origin0,B10,0.0,-910.3400901916027,feed_gap,29,0.04285714285714286,0.0,14.0,Run-level descriptive proxy; replication-level expected cost/CVaR is computed in study_summary.json.,0.0,llm_v2_no_recovery,/workspace/MasterDissertation/results/v2_pilot/llm_v2_no_recovery,/workspace/MasterDissertation/results/v2_pilot/llm_v2_no_recovery/B10__feed_gap__seed29__origin0,14,30
4.545716342692585,True,750.366244689405,0.42857142857142855,90.05754506522418,14.0,0,0.9555555555555556,,0.0,0.07142857142857142,1,0.0,2.0946416144746,10.0,0.0,53.59758890638607,205.28571428571428,0.8571428571428574,0,/workspace/MasterDissertation/results/v2_pilot/llm_v2_no_recovery/B10__capacity_cut__seed13__origin0,B10,1.0,-859.3719991959274,capacity_cut,13,0.02619047619047619,7548.0,14.0,Run-level descriptive proxy; replication-level expected cost/CVaR is computed in study_summary.json.,0.0,llm_v2_no_recovery,/workspace/MasterDissertation/results/v2_pilot/llm_v2_no_recovery,/workspace/MasterDissertation/results/v2_pilot/llm_v2_no_recovery/B10__capacity_cut__seed13__origin0,14,30
11.991720662347014,True,859.7725797223451,0.42857142857142855,114.51260502630474,13.0,0,0.96,,0.0,0.0,0,1.0,2.0106382978723403,0.0,0.0,61.412327123024646,214.85714285714286,0.948571428571429,0,/workspace/MasterDissertation/results/v2_pilot/llm_v2_no_recovery/B10__capacity_cut__seed29__origin0,B10,0.0,-873.2238402249756,capacity_cut,29,0.02142857142857143,0.0,14.0,Run-level descriptive proxy; replication-level expected cost/CVaR is computed in study_summary.json.,0.0,llm_v2_no_recovery,/workspace/MasterDissertation/results/v2_pilot/llm_v2_no_recovery,/workspace/MasterDissertation/results/v2_pilot/llm_v2_no_recovery/B10__capacity_cut__seed29__origin0,14,30
5.146508279337654,True,760.7158596923948,0.5,90.05754506522418,14.0,0,0.9555555555555556,,0.0,0.0,0,0.0,2.105631339629241,14.0,0.0,54.336847120885345,204.21428571428572,0.8685714285714289,0,/workspace/MasterDissertation/results/v2_pilot/llm_v2_recovery/B10__normal__seed13__origin0,B10,0.0,-769.7216141989172,normal,13,0.02619047619047619,13367.0,14.0,Run-level descriptive proxy; replication-level expected cost/CVaR is computed in study_summary.json.,0.0,llm_v2_recovery,/workspace/MasterDissertation/results/v2_pilot/llm_v2_recovery,/workspace/MasterDissertation/results/v2_pilot/llm_v2_recovery/B10__normal__seed13__origin0,14,30
13.134989200863933,True,832.2945147024394,0.5714285714285714,114.51260502630474,13.0,0,0.9644444444444444,,0.0,0.0,0,1.0,2.0582655826558267,0.0,0.0,59.44960819303139,210.85714285714286,0.948571428571429,0,/workspace/MasterDissertation/results/v2_pilot/llm_v2_recovery/B10__normal__seed29__origin0,B10,0.0,-845.7457752050699,normal,29,0.016666666666666666,0.0,14.0,Run-level descriptive proxy; replication-level expected cost/CVaR is computed in study_summary.json.,0.0,llm_v2_recovery,/workspace/MasterDissertation/results/v2_pilot/llm_v2_recovery,/workspace/MasterDissertation/results/v2_pilot/llm_v2_recovery/B10__normal__seed29__origin0,14,30
5.146508279337654,True,760.7158596923948,0.5,90.05754506522418,14.0,0,0.9555555555555556,,0.0,0.0,0,0.0,2.105631339629241,5.0,0.0,54.336847120885345,204.21428571428572,0.8685714285714289,0,/workspace/MasterDissertation/results/v2_pilot/llm_v2_recovery/B10__derived_field_collapse__seed13__origin0,B10,0.0,-769.7216141989172,derived_field_collapse,13,0.02619047619047619,8453.0,14.0,Run-level descriptive proxy; replication-level expected cost/CVaR is computed in study_summary.json.,0.0,llm_v2_recovery,/workspace/MasterDissertation/results/v2_pilot/llm_v2_recovery,/workspace/MasterDissertation/results/v2_pilot/llm_v2_recovery/B10__derived_field_collapse__seed13__origin0,14,30
13.134989200863933,True,832.2945147024394,0.5714285714285714,114.51260502630474,13.0,0,0.9644444444444444,,0.0,0.0,0,1.0,2.0582655826558267,5.0,0.0,59.44960819303139,210.85714285714286,0.948571428571429,0,/workspace/MasterDissertation/results/v2_pilot/llm_v2_recovery/B10__derived_field_collapse__seed29__origin0,B10,0.0,-845.7457752050699,derived_field_collapse,29,0.016666666666666666,8601.0,14.0,Run-level descriptive proxy; replication-level expected cost/CVaR is computed in study_summary.json.,0.0,llm_v2_recovery,/workspace/MasterDissertation/results/v2_pilot/llm_v2_recovery,/workspace/MasterDissertation/results/v2_pilot/llm_v2_recovery/B10__derived_field_collapse__seed29__origin0,14,30
19.70887329013679,True,906.0297144649627,0.14285714285714285,197.3765148755312,9.0,0,0.86,,0.0,0.0,0,5.0,2.2444076222038114,5.0,0.0,64.71640817606877,172.42857142857142,0.5371428571428571,0,/workspace/MasterDissertation/results/v2_pilot/llm_v2_recovery/B10__feed_gap__seed13__origin0,B10,0.0,-935.7673659525158,feed_gap,13,0.07380952380952381,4899.0,14.0,Run-level descriptive proxy; replication-level expected cost/CVaR is computed in study_summary.json.,0.0,llm_v2_recovery,/workspace/MasterDissertation/results/v2_pilot/llm_v2_recovery,/workspace/MasterDissertation/results/v2_pilot/llm_v2_recovery/B10__feed_gap__seed13__origin0,14,30
22.010079193664506,True,882.5625797144771,0.2857142857142857,157.77510477125645,8.0,0,0.92,,0.0,0.0,0,6.0,2.1053396294950963,5.0,0.0,63.040184265319795,196.64285714285714,0.5828571428571429,0,/workspace/MasterDissertation/results/v2_pilot/llm_v2_recovery/B10__feed_gap__seed29__origin0,B10,0.0,-910.3400901916027,feed_gap,29,0.04285714285714286,5290.0,14.0,Run-level descriptive proxy; replication-level expected cost/CVaR is computed in study_summary.json.,0.0,llm_v2_recovery,/workspace/MasterDissertation/results/v2_pilot/llm_v2_recovery,/workspace/MasterDissertation/results/v2_pilot/llm_v2_recovery/B10__feed_gap__seed29__origin0,14,30
4.545716342692585,True,750.366244689405,0.42857142857142855,90.05754506522418,14.0,0,0.9555555555555556,,0.0,0.07142857142857142,1,0.0,2.0946416144746,10.0,0.0,53.59758890638607,205.28571428571428,0.8571428571428574,0,/workspace/MasterDissertation/results/v2_pilot/llm_v2_recovery/B10__capacity_cut__seed13__origin0,B10,1.0,-859.3719991959274,capacity_cut,13,0.02619047619047619,7548.0,14.0,Run-level descriptive proxy; replication-level expected cost/CVaR is computed in study_summary.json.,0.0,llm_v2_recovery,/workspace/MasterDissertation/results/v2_pilot/llm_v2_recovery,/workspace/MasterDissertation/results/v2_pilot/llm_v2_recovery/B10__capacity_cut__seed13__origin0,14,30
11.991720662347014,True,859.7725797223451,0.42857142857142855,114.51260502630474,13.0,0,0.96,,0.0,0.0,0,1.0,2.0106382978723403,0.0,0.0,61.412327123024646,214.85714285714286,0.948571428571429,0,/workspace/MasterDissertation/results/v2_pilot/llm_v2_recovery/B10__capacity_cut__seed29__origin0,B10,0.0,-873.2238402249756,capacity_cut,29,0.02142857142857143,0.0,14.0,Run-level descriptive proxy; replication-level expected cost/CVaR is computed in study_summary.json.,0.0,llm_v2_recovery,/workspace/MasterDissertation/results/v2_pilot/llm_v2_recovery,/workspace/MasterDissertation/results/v2_pilot/llm_v2_recovery/B10__capacity_cut__seed29__origin0,14,30
