dataset,scenario,seed,origin,day,orders_identical,hold_identical
M5,promotion,101,1927,0,True,True
M5,promotion,101,1927,1,False,True
M5,promotion,101,1927,2,False,True
M5,promotion,101,1927,3,False,True
M5,promotion,101,1927,4,False,True
M5,promotion,101,1927,5,False,True
M5,promotion,101,1927,6,True,True
M5,promotion,101,1934,0,True,True
M5,promotion,101,1934,1,True,True
M5,promotion,101,1934,2,True,True
M5,promotion,101,1934,3,True,True
M5,promotion,101,1934,4,True,True
M5,promotion,101,1934,5,True,True
M5,promotion,101,1934,6,True,True
M5,promotion,102,1927,0,True,True
M5,promotion,102,1927,1,True,True
M5,promotion,102,1927,2,True,True
M5,promotion,102,1927,3,True,True
M5,promotion,102,1927,4,True,True
M5,promotion,102,1927,5,True,True
M5,promotion,102,1927,6,True,True
M5,promotion,102,1934,0,True,True
M5,promotion,102,1934,1,True,True
M5,promotion,102,1934,2,True,True
M5,promotion,102,1934,3,True,True
M5,promotion,102,1934,4,True,True
M5,promotion,102,1934,5,True,True
M5,promotion,102,1934,6,True,True
M5,promotion,103,1927,0,True,True
M5,promotion,103,1927,1,True,True
M5,promotion,103,1927,2,True,True
M5,promotion,103,1927,3,True,True
M5,promotion,103,1927,4,True,True
M5,promotion,103,1927,5,True,True
M5,promotion,103,1927,6,True,True
M5,promotion,103,1934,0,False,True
M5,promotion,103,1934,1,False,True
M5,promotion,103,1934,2,False,True
M5,promotion,103,1934,3,False,True
M5,promotion,103,1934,4,True,True
M5,promotion,103,1934,5,False,True
M5,promotion,103,1934,6,False,True
M5,promotion,104,1927,0,True,True
M5,promotion,104,1927,1,True,True
M5,promotion,104,1927,2,True,True
M5,promotion,104,1927,3,True,True
M5,promotion,104,1927,4,True,True
M5,promotion,104,1927,5,True,True
M5,promotion,104,1927,6,True,True
M5,promotion,104,1934,0,True,True
M5,promotion,104,1934,1,True,True
M5,promotion,104,1934,2,True,True
M5,promotion,104,1934,3,True,True
M5,promotion,104,1934,4,True,True
M5,promotion,104,1934,5,True,True
M5,promotion,104,1934,6,True,True
M5,promotion,105,1927,0,True,True
M5,promotion,105,1927,1,True,True
M5,promotion,105,1927,2,True,True
M5,promotion,105,1927,3,True,True
M5,promotion,105,1927,4,True,True
M5,promotion,105,1927,5,True,True
M5,promotion,105,1927,6,True,True
M5,promotion,105,1934,0,True,True
M5,promotion,105,1934,1,True,True
M5,promotion,105,1934,2,True,True
M5,promotion,105,1934,3,True,True
M5,promotion,105,1934,4,True,True
M5,promotion,105,1934,5,True,True
M5,promotion,105,1934,6,True,True
M5,promotion,106,1927,0,True,True
M5,promotion,106,1927,1,True,True
M5,promotion,106,1927,2,True,True
M5,promotion,106,1927,3,True,True
M5,promotion,106,1927,4,False,True
M5,promotion,106,1927,5,False,True
M5,promotion,106,1927,6,True,True
M5,promotion,106,1934,0,True,True
M5,promotion,106,1934,1,True,True
M5,promotion,106,1934,2,True,True
M5,promotion,106,1934,3,True,True
M5,promotion,106,1934,4,True,True
M5,promotion,106,1934,5,True,True
M5,promotion,106,1934,6,True,True
M5,promotion,107,1927,0,True,True
M5,promotion,107,1927,1,True,True
M5,promotion,107,1927,2,True,True
M5,promotion,107,1927,3,True,True
M5,promotion,107,1927,4,True,True
M5,promotion,107,1927,5,True,True
M5,promotion,107,1927,6,True,True
M5,promotion,107,1934,0,True,True
M5,promotion,107,1934,1,True,True
M5,promotion,107,1934,2,True,True
M5,promotion,107,1934,3,True,True
M5,promotion,107,1934,4,True,True
M5,promotion,107,1934,5,True,True
M5,promotion,107,1934,6,True,True
M5,promotion,108,1927,0,True,True
M5,promotion,108,1927,1,True,True
M5,promotion,108,1927,2,True,True
M5,promotion,108,1927,3,True,True
M5,promotion,108,1927,4,True,True
M5,promotion,108,1927,5,True,True
M5,promotion,108,1927,6,True,True
M5,promotion,108,1934,0,True,True
M5,promotion,108,1934,1,True,True
M5,promotion,108,1934,2,True,True
M5,promotion,108,1934,3,True,True
M5,promotion,108,1934,4,True,True
M5,promotion,108,1934,5,True,True
M5,promotion,108,1934,6,True,True
M5,promotion,109,1927,0,True,True
M5,promotion,109,1927,1,True,True
M5,promotion,109,1927,2,True,True
M5,promotion,109,1927,3,True,True
M5,promotion,109,1927,4,True,True
M5,promotion,109,1927,5,True,True
M5,promotion,109,1927,6,True,True
M5,promotion,109,1934,0,True,True
M5,promotion,109,1934,1,True,True
M5,promotion,109,1934,2,True,True
M5,promotion,109,1934,3,True,True
M5,promotion,109,1934,4,True,True
M5,promotion,109,1934,5,True,True
M5,promotion,109,1934,6,True,True
M5,promotion,110,1927,0,True,True
M5,promotion,110,1927,1,True,True
M5,promotion,110,1927,2,True,True
M5,promotion,110,1927,3,True,True
M5,promotion,110,1927,4,True,True
M5,promotion,110,1927,5,True,True
M5,promotion,110,1927,6,True,True
M5,promotion,110,1934,0,True,True
M5,promotion,110,1934,1,True,True
M5,promotion,110,1934,2,True,True
M5,promotion,110,1934,3,True,True
M5,promotion,110,1934,4,True,True
M5,promotion,110,1934,5,True,True
M5,promotion,110,1934,6,True,True
M5,promotion,111,1927,0,True,True
M5,promotion,111,1927,1,True,True
M5,promotion,111,1927,2,True,True
M5,promotion,111,1927,3,True,True
M5,promotion,111,1927,4,True,True
M5,promotion,111,1927,5,True,True
M5,promotion,111,1927,6,True,True
M5,promotion,111,1934,0,True,True
M5,promotion,111,1934,1,True,True
M5,promotion,111,1934,2,True,True
M5,promotion,111,1934,3,True,True
M5,promotion,111,1934,4,True,True
M5,promotion,111,1934,5,True,True
M5,promotion,111,1934,6,True,True
M5,promotion,112,1927,0,True,True
M5,promotion,112,1927,1,True,True
M5,promotion,112,1927,2,True,True
M5,promotion,112,1927,3,True,True
M5,promotion,112,1927,4,True,True
M5,promotion,112,1927,5,True,True
M5,promotion,112,1927,6,True,True
M5,promotion,112,1934,0,True,True
M5,promotion,112,1934,1,True,True
M5,promotion,112,1934,2,True,True
M5,promotion,112,1934,3,True,True
M5,promotion,112,1934,4,True,True
M5,promotion,112,1934,5,True,True
M5,promotion,112,1934,6,True,True
M5,promotion,113,1927,0,True,True
M5,promotion,113,1927,1,True,True
M5,promotion,113,1927,2,True,True
M5,promotion,113,1927,3,True,True
M5,promotion,113,1927,4,True,True
M5,promotion,113,1927,5,True,True
M5,promotion,113,1927,6,False,True
M5,promotion,113,1934,0,True,True
M5,promotion,113,1934,1,True,True
M5,promotion,113,1934,2,True,True
M5,promotion,113,1934,3,True,True
M5,promotion,113,1934,4,True,True
M5,promotion,113,1934,5,True,True
M5,promotion,113,1934,6,True,True
M5,promotion,114,1927,0,True,True
M5,promotion,114,1927,1,True,True
M5,promotion,114,1927,2,True,True
M5,promotion,114,1927,3,True,True
M5,promotion,114,1927,4,True,True
M5,promotion,114,1927,5,True,True
M5,promotion,114,1927,6,True,True
M5,promotion,114,1934,0,True,True
M5,promotion,114,1934,1,True,True
M5,promotion,114,1934,2,True,True
M5,promotion,114,1934,3,True,True
M5,promotion,114,1934,4,True,True
M5,promotion,114,1934,5,True,True
M5,promotion,114,1934,6,True,True
M5,promotion,115,1927,0,True,True
M5,promotion,115,1927,1,True,True
M5,promotion,115,1927,2,True,True
M5,promotion,115,1927,3,True,True
M5,promotion,115,1927,4,True,True
M5,promotion,115,1927,5,True,True
M5,promotion,115,1927,6,True,True
M5,promotion,115,1934,0,True,True
M5,promotion,115,1934,1,True,True
M5,promotion,115,1934,2,True,True
M5,promotion,115,1934,3,True,True
M5,promotion,115,1934,4,True,True
M5,promotion,115,1934,5,True,True
M5,promotion,115,1934,6,True,True
M5,promotion,116,1927,0,True,True
M5,promotion,116,1927,1,True,True
M5,promotion,116,1927,2,True,True
M5,promotion,116,1927,3,True,True
M5,promotion,116,1927,4,True,True
M5,promotion,116,1927,5,False,True
M5,promotion,116,1927,6,False,True
M5,promotion,116,1934,0,True,True
M5,promotion,116,1934,1,True,True
M5,promotion,116,1934,2,True,True
M5,promotion,116,1934,3,True,True
M5,promotion,116,1934,4,True,True
M5,promotion,116,1934,5,True,True
M5,promotion,116,1934,6,True,True
M5,promotion,117,1927,0,True,True
M5,promotion,117,1927,1,True,True
M5,promotion,117,1927,2,True,True
M5,promotion,117,1927,3,True,True
M5,promotion,117,1927,4,True,True
M5,promotion,117,1927,5,True,True
M5,promotion,117,1927,6,True,True
M5,promotion,117,1934,0,True,True
M5,promotion,117,1934,1,True,True
M5,promotion,117,1934,2,True,True
M5,promotion,117,1934,3,True,True
M5,promotion,117,1934,4,True,True
M5,promotion,117,1934,5,False,True
M5,promotion,117,1934,6,False,True
M5,promotion,118,1927,0,True,True
M5,promotion,118,1927,1,True,True
M5,promotion,118,1927,2,True,True
M5,promotion,118,1927,3,True,True
M5,promotion,118,1927,4,True,True
M5,promotion,118,1927,5,True,True
M5,promotion,118,1927,6,True,True
M5,promotion,118,1934,0,True,True
M5,promotion,118,1934,1,True,True
M5,promotion,118,1934,2,True,True
M5,promotion,118,1934,3,True,True
M5,promotion,118,1934,4,True,True
M5,promotion,118,1934,5,True,True
M5,promotion,118,1934,6,True,True
M5,promotion,119,1927,0,True,True
M5,promotion,119,1927,1,True,True
M5,promotion,119,1927,2,True,True
M5,promotion,119,1927,3,True,True
M5,promotion,119,1927,4,True,True
M5,promotion,119,1927,5,True,True
M5,promotion,119,1927,6,True,True
M5,promotion,119,1934,0,True,True
M5,promotion,119,1934,1,True,True
M5,promotion,119,1934,2,True,True
M5,promotion,119,1934,3,True,True
M5,promotion,119,1934,4,True,True
M5,promotion,119,1934,5,False,True
M5,promotion,119,1934,6,False,True
M5,promotion,120,1927,0,True,True
M5,promotion,120,1927,1,True,True
M5,promotion,120,1927,2,True,True
M5,promotion,120,1927,3,True,True
M5,promotion,120,1927,4,True,True
M5,promotion,120,1927,5,True,True
M5,promotion,120,1927,6,True,True
M5,promotion,120,1934,0,True,True
M5,promotion,120,1934,1,True,True
M5,promotion,120,1934,2,True,True
M5,promotion,120,1934,3,True,True
M5,promotion,120,1934,4,True,True
M5,promotion,120,1934,5,True,True
M5,promotion,120,1934,6,True,True
M5,promotion,121,1927,0,True,True
M5,promotion,121,1927,1,True,True
M5,promotion,121,1927,2,True,True
M5,promotion,121,1927,3,True,True
M5,promotion,121,1927,4,True,True
M5,promotion,121,1927,5,True,True
M5,promotion,121,1927,6,True,True
M5,promotion,121,1934,0,True,True
M5,promotion,121,1934,1,True,True
M5,promotion,121,1934,2,True,True
M5,promotion,121,1934,3,True,True
M5,promotion,121,1934,4,True,True
M5,promotion,121,1934,5,True,True
M5,promotion,121,1934,6,True,True
M5,promotion,122,1927,0,True,True
M5,promotion,122,1927,1,True,True
M5,promotion,122,1927,2,True,True
M5,promotion,122,1927,3,True,True
M5,promotion,122,1927,4,True,True
M5,promotion,122,1927,5,False,True
M5,promotion,122,1927,6,False,True
M5,promotion,122,1934,0,True,True
M5,promotion,122,1934,1,True,True
M5,promotion,122,1934,2,True,True
M5,promotion,122,1934,3,True,True
M5,promotion,122,1934,4,True,True
M5,promotion,122,1934,5,True,True
M5,promotion,122,1934,6,True,True
M5,promotion,123,1927,0,True,True
M5,promotion,123,1927,1,True,True
M5,promotion,123,1927,2,True,True
M5,promotion,123,1927,3,True,True
M5,promotion,123,1927,4,True,True
M5,promotion,123,1927,5,True,True
M5,promotion,123,1927,6,True,True
M5,promotion,123,1934,0,True,True
M5,promotion,123,1934,1,True,True
M5,promotion,123,1934,2,True,True
M5,promotion,123,1934,3,True,True
M5,promotion,123,1934,4,True,True
M5,promotion,123,1934,5,True,True
M5,promotion,123,1934,6,False,True
M5,promotion,124,1927,0,True,True
M5,promotion,124,1927,1,True,True
M5,promotion,124,1927,2,True,True
M5,promotion,124,1927,3,True,True
M5,promotion,124,1927,4,True,True
M5,promotion,124,1927,5,False,True
M5,promotion,124,1927,6,False,True
M5,promotion,124,1934,0,True,True
M5,promotion,124,1934,1,True,True
M5,promotion,124,1934,2,True,True
M5,promotion,124,1934,3,True,True
M5,promotion,124,1934,4,True,True
M5,promotion,124,1934,5,True,True
M5,promotion,124,1934,6,True,True
M5,promotion,125,1927,0,True,True
M5,promotion,125,1927,1,True,True
M5,promotion,125,1927,2,True,True
M5,promotion,125,1927,3,True,True
M5,promotion,125,1927,4,True,True
M5,promotion,125,1927,5,True,True
M5,promotion,125,1927,6,True,True
M5,promotion,125,1934,0,True,True
M5,promotion,125,1934,1,True,True
M5,promotion,125,1934,2,True,True
M5,promotion,125,1934,3,True,True
M5,promotion,125,1934,4,False,True
M5,promotion,125,1934,5,False,True
M5,promotion,125,1934,6,False,True
M5,promotion,126,1927,0,True,True
M5,promotion,126,1927,1,True,True
M5,promotion,126,1927,2,True,True
M5,promotion,126,1927,3,True,True
M5,promotion,126,1927,4,True,True
M5,promotion,126,1927,5,True,True
M5,promotion,126,1927,6,True,True
M5,promotion,126,1934,0,True,True
M5,promotion,126,1934,1,True,True
M5,promotion,126,1934,2,True,True
M5,promotion,126,1934,3,True,True
M5,promotion,126,1934,4,True,True
M5,promotion,126,1934,5,True,True
M5,promotion,126,1934,6,True,True
M5,promotion,127,1927,0,True,True
M5,promotion,127,1927,1,True,True
M5,promotion,127,1927,2,True,True
M5,promotion,127,1927,3,True,True
M5,promotion,127,1927,4,True,True
M5,promotion,127,1927,5,True,True
M5,promotion,127,1927,6,True,True
M5,promotion,127,1934,0,True,True
M5,promotion,127,1934,1,True,True
M5,promotion,127,1934,2,True,True
M5,promotion,127,1934,3,True,True
M5,promotion,127,1934,4,True,True
M5,promotion,127,1934,5,True,True
M5,promotion,127,1934,6,False,True
M5,promotion,128,1927,0,True,True
M5,promotion,128,1927,1,True,True
M5,promotion,128,1927,2,True,True
M5,promotion,128,1927,3,True,True
M5,promotion,128,1927,4,True,True
M5,promotion,128,1927,5,True,True
M5,promotion,128,1927,6,True,True
M5,promotion,128,1934,0,True,True
M5,promotion,128,1934,1,True,True
M5,promotion,128,1934,2,True,True
M5,promotion,128,1934,3,True,True
M5,promotion,128,1934,4,True,True
M5,promotion,128,1934,5,True,True
M5,promotion,128,1934,6,True,True
M5,promotion,129,1927,0,True,True
M5,promotion,129,1927,1,True,True
M5,promotion,129,1927,2,True,True
M5,promotion,129,1927,3,True,True
M5,promotion,129,1927,4,True,True
M5,promotion,129,1927,5,True,True
M5,promotion,129,1927,6,False,True
M5,promotion,129,1934,0,True,True
M5,promotion,129,1934,1,True,True
M5,promotion,129,1934,2,True,True
M5,promotion,129,1934,3,True,True
M5,promotion,129,1934,4,True,True
M5,promotion,129,1934,5,True,True
M5,promotion,129,1934,6,True,True
M5,promotion,130,1927,0,True,True
M5,promotion,130,1927,1,True,True
M5,promotion,130,1927,2,True,True
M5,promotion,130,1927,3,True,True
M5,promotion,130,1927,4,True,True
M5,promotion,130,1927,5,True,True
M5,promotion,130,1927,6,True,True
M5,promotion,130,1934,0,True,True
M5,promotion,130,1934,1,True,True
M5,promotion,130,1934,2,True,True
M5,promotion,130,1934,3,True,True
M5,promotion,130,1934,4,True,True
M5,promotion,130,1934,5,True,True
M5,promotion,130,1934,6,True,True
M5,routine,101,1927,0,True,True
M5,routine,101,1927,1,True,True
M5,routine,101,1927,2,True,True
M5,routine,101,1927,3,True,True
M5,routine,101,1927,4,True,True
M5,routine,101,1927,5,True,True
M5,routine,101,1927,6,True,True
M5,routine,101,1934,0,True,True
M5,routine,101,1934,1,True,True
M5,routine,101,1934,2,True,True
M5,routine,101,1934,3,True,True
M5,routine,101,1934,4,True,True
M5,routine,101,1934,5,True,True
M5,routine,101,1934,6,True,True
M5,routine,102,1927,0,True,True
M5,routine,102,1927,1,True,True
M5,routine,102,1927,2,True,True
M5,routine,102,1927,3,True,True
M5,routine,102,1927,4,True,True
M5,routine,102,1927,5,True,True
M5,routine,102,1927,6,True,True
M5,routine,102,1934,0,True,True
M5,routine,102,1934,1,True,True
M5,routine,102,1934,2,True,True
M5,routine,102,1934,3,True,True
M5,routine,102,1934,4,True,True
M5,routine,102,1934,5,True,True
M5,routine,102,1934,6,True,True
M5,routine,103,1927,0,True,True
M5,routine,103,1927,1,True,True
M5,routine,103,1927,2,True,True
M5,routine,103,1927,3,True,True
M5,routine,103,1927,4,True,True
M5,routine,103,1927,5,True,True
M5,routine,103,1927,6,True,True
M5,routine,103,1934,0,True,True
M5,routine,103,1934,1,True,True
M5,routine,103,1934,2,True,True
M5,routine,103,1934,3,True,True
M5,routine,103,1934,4,True,True
M5,routine,103,1934,5,True,True
M5,routine,103,1934,6,True,True
M5,routine,104,1927,0,True,True
M5,routine,104,1927,1,True,True
M5,routine,104,1927,2,True,True
M5,routine,104,1927,3,True,True
M5,routine,104,1927,4,True,True
M5,routine,104,1927,5,True,True
M5,routine,104,1927,6,True,True
M5,routine,104,1934,0,True,True
M5,routine,104,1934,1,True,True
M5,routine,104,1934,2,True,True
M5,routine,104,1934,3,True,True
M5,routine,104,1934,4,True,True
M5,routine,104,1934,5,True,True
M5,routine,104,1934,6,True,True
M5,routine,105,1927,0,True,True
M5,routine,105,1927,1,True,True
M5,routine,105,1927,2,True,True
M5,routine,105,1927,3,True,True
M5,routine,105,1927,4,True,True
M5,routine,105,1927,5,True,True
M5,routine,105,1927,6,True,True
M5,routine,105,1934,0,True,True
M5,routine,105,1934,1,True,True
M5,routine,105,1934,2,True,True
M5,routine,105,1934,3,True,True
M5,routine,105,1934,4,True,True
M5,routine,105,1934,5,True,True
M5,routine,105,1934,6,True,True
M5,routine,106,1927,0,True,True
M5,routine,106,1927,1,True,True
M5,routine,106,1927,2,True,True
M5,routine,106,1927,3,True,True
M5,routine,106,1927,4,True,True
M5,routine,106,1927,5,True,True
M5,routine,106,1927,6,True,True
M5,routine,106,1934,0,True,True
M5,routine,106,1934,1,True,True
M5,routine,106,1934,2,True,True
M5,routine,106,1934,3,True,True
M5,routine,106,1934,4,True,True
M5,routine,106,1934,5,True,True
M5,routine,106,1934,6,True,True
M5,routine,107,1927,0,True,True
M5,routine,107,1927,1,True,True
M5,routine,107,1927,2,True,True
M5,routine,107,1927,3,True,True
M5,routine,107,1927,4,True,True
M5,routine,107,1927,5,True,True
M5,routine,107,1927,6,True,True
M5,routine,107,1934,0,True,True
M5,routine,107,1934,1,True,True
M5,routine,107,1934,2,True,True
M5,routine,107,1934,3,True,True
M5,routine,107,1934,4,True,True
M5,routine,107,1934,5,True,True
M5,routine,107,1934,6,True,True
M5,routine,108,1927,0,True,True
M5,routine,108,1927,1,True,True
M5,routine,108,1927,2,True,True
M5,routine,108,1927,3,True,True
M5,routine,108,1927,4,True,True
M5,routine,108,1927,5,True,True
M5,routine,108,1927,6,True,True
M5,routine,108,1934,0,True,True
M5,routine,108,1934,1,True,True
M5,routine,108,1934,2,True,True
M5,routine,108,1934,3,True,True
M5,routine,108,1934,4,True,True
M5,routine,108,1934,5,True,True
M5,routine,108,1934,6,True,True
M5,routine,109,1927,0,True,True
M5,routine,109,1927,1,True,True
M5,routine,109,1927,2,True,True
M5,routine,109,1927,3,True,True
M5,routine,109,1927,4,True,True
M5,routine,109,1927,5,True,True
M5,routine,109,1927,6,True,True
M5,routine,109,1934,0,True,True
M5,routine,109,1934,1,True,True
M5,routine,109,1934,2,True,True
M5,routine,109,1934,3,True,True
M5,routine,109,1934,4,True,True
M5,routine,109,1934,5,True,True
M5,routine,109,1934,6,True,True
M5,routine,110,1927,0,True,True
M5,routine,110,1927,1,True,True
M5,routine,110,1927,2,True,True
M5,routine,110,1927,3,True,True
M5,routine,110,1927,4,True,True
M5,routine,110,1927,5,True,True
M5,routine,110,1927,6,True,True
M5,routine,110,1934,0,True,True
M5,routine,110,1934,1,True,True
M5,routine,110,1934,2,True,True
M5,routine,110,1934,3,True,True
M5,routine,110,1934,4,True,True
M5,routine,110,1934,5,True,True
M5,routine,110,1934,6,True,True
M5,routine,111,1927,0,True,True
M5,routine,111,1927,1,True,True
M5,routine,111,1927,2,True,True
M5,routine,111,1927,3,True,True
M5,routine,111,1927,4,True,True
M5,routine,111,1927,5,True,True
M5,routine,111,1927,6,True,True
M5,routine,111,1934,0,True,True
M5,routine,111,1934,1,True,True
M5,routine,111,1934,2,True,True
M5,routine,111,1934,3,True,True
M5,routine,111,1934,4,True,True
M5,routine,111,1934,5,True,True
M5,routine,111,1934,6,True,True
M5,routine,112,1927,0,True,True
M5,routine,112,1927,1,True,True
M5,routine,112,1927,2,True,True
M5,routine,112,1927,3,True,True
M5,routine,112,1927,4,True,True
M5,routine,112,1927,5,True,True
M5,routine,112,1927,6,True,True
M5,routine,112,1934,0,True,True
M5,routine,112,1934,1,True,True
M5,routine,112,1934,2,True,True
M5,routine,112,1934,3,True,True
M5,routine,112,1934,4,True,True
M5,routine,112,1934,5,True,True
M5,routine,112,1934,6,True,True
M5,routine,113,1927,0,True,True
M5,routine,113,1927,1,True,True
M5,routine,113,1927,2,True,True
M5,routine,113,1927,3,True,True
M5,routine,113,1927,4,True,True
M5,routine,113,1927,5,True,True
M5,routine,113,1927,6,True,True
M5,routine,113,1934,0,True,True
M5,routine,113,1934,1,True,True
M5,routine,113,1934,2,True,True
M5,routine,113,1934,3,True,True
M5,routine,113,1934,4,True,True
M5,routine,113,1934,5,True,True
M5,routine,113,1934,6,True,True
M5,routine,114,1927,0,True,True
M5,routine,114,1927,1,True,True
M5,routine,114,1927,2,True,True
M5,routine,114,1927,3,True,True
M5,routine,114,1927,4,True,True
M5,routine,114,1927,5,True,True
M5,routine,114,1927,6,True,True
M5,routine,114,1934,0,True,True
M5,routine,114,1934,1,True,True
M5,routine,114,1934,2,True,True
M5,routine,114,1934,3,True,True
M5,routine,114,1934,4,True,True
M5,routine,114,1934,5,True,True
M5,routine,114,1934,6,True,True
M5,routine,115,1927,0,True,True
M5,routine,115,1927,1,True,True
M5,routine,115,1927,2,True,True
M5,routine,115,1927,3,True,True
M5,routine,115,1927,4,True,True
M5,routine,115,1927,5,True,True
M5,routine,115,1927,6,True,True
M5,routine,115,1934,0,True,True
M5,routine,115,1934,1,True,True
M5,routine,115,1934,2,True,True
M5,routine,115,1934,3,True,True
M5,routine,115,1934,4,True,True
M5,routine,115,1934,5,True,True
M5,routine,115,1934,6,True,True
M5,routine,116,1927,0,True,True
M5,routine,116,1927,1,True,True
M5,routine,116,1927,2,True,True
M5,routine,116,1927,3,True,True
M5,routine,116,1927,4,True,True
M5,routine,116,1927,5,True,True
M5,routine,116,1927,6,True,True
M5,routine,116,1934,0,True,True
M5,routine,116,1934,1,True,True
M5,routine,116,1934,2,True,True
M5,routine,116,1934,3,True,True
M5,routine,116,1934,4,True,True
M5,routine,116,1934,5,True,True
M5,routine,116,1934,6,True,True
M5,routine,117,1927,0,True,True
M5,routine,117,1927,1,True,True
M5,routine,117,1927,2,True,True
M5,routine,117,1927,3,True,True
M5,routine,117,1927,4,True,True
M5,routine,117,1927,5,True,True
M5,routine,117,1927,6,True,True
M5,routine,117,1934,0,True,True
M5,routine,117,1934,1,True,True
M5,routine,117,1934,2,True,True
M5,routine,117,1934,3,True,True
M5,routine,117,1934,4,True,True
M5,routine,117,1934,5,True,True
M5,routine,117,1934,6,True,True
M5,routine,118,1927,0,True,True
M5,routine,118,1927,1,True,True
M5,routine,118,1927,2,True,True
M5,routine,118,1927,3,True,True
M5,routine,118,1927,4,True,True
M5,routine,118,1927,5,True,True
M5,routine,118,1927,6,True,True
M5,routine,118,1934,0,True,True
M5,routine,118,1934,1,True,True
M5,routine,118,1934,2,True,True
M5,routine,118,1934,3,True,True
M5,routine,118,1934,4,True,True
M5,routine,118,1934,5,True,True
M5,routine,118,1934,6,True,True
M5,routine,119,1927,0,True,True
M5,routine,119,1927,1,True,True
M5,routine,119,1927,2,True,True
M5,routine,119,1927,3,True,True
M5,routine,119,1927,4,True,True
M5,routine,119,1927,5,True,True
M5,routine,119,1927,6,True,True
M5,routine,119,1934,0,True,True
M5,routine,119,1934,1,True,True
M5,routine,119,1934,2,True,True
M5,routine,119,1934,3,True,True
M5,routine,119,1934,4,True,True
M5,routine,119,1934,5,True,True
M5,routine,119,1934,6,True,True
M5,routine,120,1927,0,True,True
M5,routine,120,1927,1,True,True
M5,routine,120,1927,2,True,True
M5,routine,120,1927,3,True,True
M5,routine,120,1927,4,True,True
M5,routine,120,1927,5,True,True
M5,routine,120,1927,6,True,True
M5,routine,120,1934,0,True,True
M5,routine,120,1934,1,True,True
M5,routine,120,1934,2,True,True
M5,routine,120,1934,3,True,True
M5,routine,120,1934,4,True,True
M5,routine,120,1934,5,True,True
M5,routine,120,1934,6,True,True
M5,routine,121,1927,0,True,True
M5,routine,121,1927,1,True,True
M5,routine,121,1927,2,True,True
M5,routine,121,1927,3,True,True
M5,routine,121,1927,4,True,True
M5,routine,121,1927,5,True,True
M5,routine,121,1927,6,True,True
M5,routine,121,1934,0,True,True
M5,routine,121,1934,1,True,True
M5,routine,121,1934,2,True,True
M5,routine,121,1934,3,True,True
M5,routine,121,1934,4,True,True
M5,routine,121,1934,5,True,True
M5,routine,121,1934,6,True,True
M5,routine,122,1927,0,True,True
M5,routine,122,1927,1,True,True
M5,routine,122,1927,2,True,True
M5,routine,122,1927,3,True,True
M5,routine,122,1927,4,True,True
M5,routine,122,1927,5,True,True
M5,routine,122,1927,6,True,True
M5,routine,122,1934,0,True,True
M5,routine,122,1934,1,True,True
M5,routine,122,1934,2,True,True
M5,routine,122,1934,3,True,True
M5,routine,122,1934,4,True,True
M5,routine,122,1934,5,True,True
M5,routine,122,1934,6,True,True
M5,routine,123,1927,0,True,True
M5,routine,123,1927,1,True,True
M5,routine,123,1927,2,True,True
M5,routine,123,1927,3,True,True
M5,routine,123,1927,4,True,True
M5,routine,123,1927,5,True,True
M5,routine,123,1927,6,True,True
M5,routine,123,1934,0,True,True
M5,routine,123,1934,1,True,True
M5,routine,123,1934,2,True,True
M5,routine,123,1934,3,True,True
M5,routine,123,1934,4,True,True
M5,routine,123,1934,5,True,True
M5,routine,123,1934,6,True,True
M5,routine,124,1927,0,True,True
M5,routine,124,1927,1,True,True
M5,routine,124,1927,2,True,True
M5,routine,124,1927,3,True,True
M5,routine,124,1927,4,True,True
M5,routine,124,1927,5,True,True
M5,routine,124,1927,6,True,True
M5,routine,124,1934,0,True,True
M5,routine,124,1934,1,True,True
M5,routine,124,1934,2,True,True
M5,routine,124,1934,3,True,True
M5,routine,124,1934,4,True,True
M5,routine,124,1934,5,True,True
M5,routine,124,1934,6,True,True
M5,routine,125,1927,0,True,True
M5,routine,125,1927,1,True,True
M5,routine,125,1927,2,True,True
M5,routine,125,1927,3,True,True
M5,routine,125,1927,4,True,True
M5,routine,125,1927,5,True,True
M5,routine,125,1927,6,True,True
M5,routine,125,1934,0,True,True
M5,routine,125,1934,1,True,True
M5,routine,125,1934,2,True,True
M5,routine,125,1934,3,True,True
M5,routine,125,1934,4,True,True
M5,routine,125,1934,5,True,True
M5,routine,125,1934,6,True,True
M5,routine,126,1927,0,True,True
M5,routine,126,1927,1,True,True
M5,routine,126,1927,2,True,True
M5,routine,126,1927,3,True,True
M5,routine,126,1927,4,True,True
M5,routine,126,1927,5,True,True
M5,routine,126,1927,6,True,True
M5,routine,126,1934,0,True,True
M5,routine,126,1934,1,True,True
M5,routine,126,1934,2,True,True
M5,routine,126,1934,3,True,True
M5,routine,126,1934,4,True,True
M5,routine,126,1934,5,True,True
M5,routine,126,1934,6,True,True
M5,routine,127,1927,0,True,True
M5,routine,127,1927,1,True,True
M5,routine,127,1927,2,True,True
M5,routine,127,1927,3,True,True
M5,routine,127,1927,4,True,True
M5,routine,127,1927,5,True,True
M5,routine,127,1927,6,True,True
M5,routine,127,1934,0,True,True
M5,routine,127,1934,1,True,True
M5,routine,127,1934,2,True,True
M5,routine,127,1934,3,True,True
M5,routine,127,1934,4,True,True
M5,routine,127,1934,5,True,True
M5,routine,127,1934,6,True,True
M5,routine,128,1927,0,True,True
M5,routine,128,1927,1,True,True
M5,routine,128,1927,2,True,True
M5,routine,128,1927,3,True,True
M5,routine,128,1927,4,True,True
M5,routine,128,1927,5,True,True
M5,routine,128,1927,6,True,True
M5,routine,128,1934,0,True,True
M5,routine,128,1934,1,True,True
M5,routine,128,1934,2,True,True
M5,routine,128,1934,3,True,True
M5,routine,128,1934,4,True,True
M5,routine,128,1934,5,True,True
M5,routine,128,1934,6,True,True
M5,routine,129,1927,0,True,True
M5,routine,129,1927,1,True,True
M5,routine,129,1927,2,True,True
M5,routine,129,1927,3,True,True
M5,routine,129,1927,4,True,True
M5,routine,129,1927,5,True,True
M5,routine,129,1927,6,True,True
M5,routine,129,1934,0,True,True
M5,routine,129,1934,1,True,True
M5,routine,129,1934,2,True,True
M5,routine,129,1934,3,True,True
M5,routine,129,1934,4,True,True
M5,routine,129,1934,5,True,True
M5,routine,129,1934,6,True,True
M5,routine,130,1927,0,True,True
M5,routine,130,1927,1,True,True
M5,routine,130,1927,2,True,True
M5,routine,130,1927,3,True,True
M5,routine,130,1927,4,True,True
M5,routine,130,1927,5,True,True
M5,routine,130,1927,6,True,True
M5,routine,130,1934,0,True,True
M5,routine,130,1934,1,True,True
M5,routine,130,1934,2,True,True
M5,routine,130,1934,3,True,True
M5,routine,130,1934,4,True,True
M5,routine,130,1934,5,True,True
M5,routine,130,1934,6,True,True
M5,supplier_disruption,101,1927,0,True,True
M5,supplier_disruption,101,1927,1,True,True
M5,supplier_disruption,101,1927,2,True,True
M5,supplier_disruption,101,1927,3,True,True
M5,supplier_disruption,101,1927,4,True,True
M5,supplier_disruption,101,1927,5,True,True
M5,supplier_disruption,101,1927,6,True,True
M5,supplier_disruption,101,1934,0,True,True
M5,supplier_disruption,101,1934,1,True,True
M5,supplier_disruption,101,1934,2,True,True
M5,supplier_disruption,101,1934,3,True,True
M5,supplier_disruption,101,1934,4,True,True
M5,supplier_disruption,101,1934,5,True,True
M5,supplier_disruption,101,1934,6,True,True
M5,supplier_disruption,102,1927,0,True,True
M5,supplier_disruption,102,1927,1,True,True
M5,supplier_disruption,102,1927,2,True,True
M5,supplier_disruption,102,1927,3,True,True
M5,supplier_disruption,102,1927,4,True,True
M5,supplier_disruption,102,1927,5,True,True
M5,supplier_disruption,102,1927,6,True,True
M5,supplier_disruption,102,1934,0,True,True
M5,supplier_disruption,102,1934,1,True,True
M5,supplier_disruption,102,1934,2,True,True
M5,supplier_disruption,102,1934,3,True,True
M5,supplier_disruption,102,1934,4,True,True
M5,supplier_disruption,102,1934,5,True,True
M5,supplier_disruption,102,1934,6,True,True
M5,supplier_disruption,103,1927,0,True,True
M5,supplier_disruption,103,1927,1,True,True
M5,supplier_disruption,103,1927,2,True,True
M5,supplier_disruption,103,1927,3,True,True
M5,supplier_disruption,103,1927,4,True,True
M5,supplier_disruption,103,1927,5,True,True
M5,supplier_disruption,103,1927,6,True,True
M5,supplier_disruption,103,1934,0,True,True
M5,supplier_disruption,103,1934,1,True,True
M5,supplier_disruption,103,1934,2,True,True
M5,supplier_disruption,103,1934,3,True,True
M5,supplier_disruption,103,1934,4,True,True
M5,supplier_disruption,103,1934,5,True,True
M5,supplier_disruption,103,1934,6,True,True
M5,supplier_disruption,104,1927,0,True,True
M5,supplier_disruption,104,1927,1,True,True
M5,supplier_disruption,104,1927,2,True,True
M5,supplier_disruption,104,1927,3,True,True
M5,supplier_disruption,104,1927,4,True,True
M5,supplier_disruption,104,1927,5,True,True
M5,supplier_disruption,104,1927,6,True,True
M5,supplier_disruption,104,1934,0,True,True
M5,supplier_disruption,104,1934,1,True,True
M5,supplier_disruption,104,1934,2,True,True
M5,supplier_disruption,104,1934,3,True,True
M5,supplier_disruption,104,1934,4,True,True
M5,supplier_disruption,104,1934,5,True,True
M5,supplier_disruption,104,1934,6,True,True
M5,supplier_disruption,105,1927,0,True,True
M5,supplier_disruption,105,1927,1,True,True
M5,supplier_disruption,105,1927,2,True,True
M5,supplier_disruption,105,1927,3,True,True
M5,supplier_disruption,105,1927,4,True,True
M5,supplier_disruption,105,1927,5,True,True
M5,supplier_disruption,105,1927,6,True,True
M5,supplier_disruption,105,1934,0,True,True
M5,supplier_disruption,105,1934,1,True,True
M5,supplier_disruption,105,1934,2,True,True
M5,supplier_disruption,105,1934,3,True,True
M5,supplier_disruption,105,1934,4,True,True
M5,supplier_disruption,105,1934,5,True,True
M5,supplier_disruption,105,1934,6,True,True
M5,supplier_disruption,106,1927,0,True,True
M5,supplier_disruption,106,1927,1,True,True
M5,supplier_disruption,106,1927,2,True,True
M5,supplier_disruption,106,1927,3,True,True
M5,supplier_disruption,106,1927,4,True,True
M5,supplier_disruption,106,1927,5,True,True
M5,supplier_disruption,106,1927,6,True,True
M5,supplier_disruption,106,1934,0,True,True
M5,supplier_disruption,106,1934,1,True,True
M5,supplier_disruption,106,1934,2,True,True
M5,supplier_disruption,106,1934,3,True,True
M5,supplier_disruption,106,1934,4,True,True
M5,supplier_disruption,106,1934,5,True,True
M5,supplier_disruption,106,1934,6,True,True
M5,supplier_disruption,107,1927,0,True,True
M5,supplier_disruption,107,1927,1,True,True
M5,supplier_disruption,107,1927,2,True,True
M5,supplier_disruption,107,1927,3,True,True
M5,supplier_disruption,107,1927,4,True,True
M5,supplier_disruption,107,1927,5,True,True
M5,supplier_disruption,107,1927,6,True,True
M5,supplier_disruption,107,1934,0,True,True
M5,supplier_disruption,107,1934,1,True,True
M5,supplier_disruption,107,1934,2,True,True
M5,supplier_disruption,107,1934,3,True,True
M5,supplier_disruption,107,1934,4,True,True
M5,supplier_disruption,107,1934,5,True,True
M5,supplier_disruption,107,1934,6,True,True
M5,supplier_disruption,108,1927,0,True,True
M5,supplier_disruption,108,1927,1,True,True
M5,supplier_disruption,108,1927,2,True,True
M5,supplier_disruption,108,1927,3,True,True
M5,supplier_disruption,108,1927,4,True,True
M5,supplier_disruption,108,1927,5,True,True
M5,supplier_disruption,108,1927,6,True,True
M5,supplier_disruption,108,1934,0,True,True
M5,supplier_disruption,108,1934,1,True,True
M5,supplier_disruption,108,1934,2,True,True
M5,supplier_disruption,108,1934,3,True,True
M5,supplier_disruption,108,1934,4,True,True
M5,supplier_disruption,108,1934,5,True,True
M5,supplier_disruption,108,1934,6,True,True
M5,supplier_disruption,109,1927,0,True,True
M5,supplier_disruption,109,1927,1,True,True
M5,supplier_disruption,109,1927,2,True,True
M5,supplier_disruption,109,1927,3,True,True
M5,supplier_disruption,109,1927,4,True,True
M5,supplier_disruption,109,1927,5,True,True
M5,supplier_disruption,109,1927,6,True,True
M5,supplier_disruption,109,1934,0,True,True
M5,supplier_disruption,109,1934,1,True,True
M5,supplier_disruption,109,1934,2,True,True
M5,supplier_disruption,109,1934,3,True,True
M5,supplier_disruption,109,1934,4,True,True
M5,supplier_disruption,109,1934,5,True,True
M5,supplier_disruption,109,1934,6,True,True
M5,supplier_disruption,110,1927,0,True,True
M5,supplier_disruption,110,1927,1,True,True
M5,supplier_disruption,110,1927,2,True,True
M5,supplier_disruption,110,1927,3,True,True
M5,supplier_disruption,110,1927,4,True,True
M5,supplier_disruption,110,1927,5,True,True
M5,supplier_disruption,110,1927,6,True,True
M5,supplier_disruption,110,1934,0,True,True
M5,supplier_disruption,110,1934,1,True,True
M5,supplier_disruption,110,1934,2,True,True
M5,supplier_disruption,110,1934,3,True,True
M5,supplier_disruption,110,1934,4,True,True
M5,supplier_disruption,110,1934,5,True,True
M5,supplier_disruption,110,1934,6,True,True
M5,supplier_disruption,111,1927,0,True,True
M5,supplier_disruption,111,1927,1,True,True
M5,supplier_disruption,111,1927,2,True,True
M5,supplier_disruption,111,1927,3,True,True
M5,supplier_disruption,111,1927,4,True,True
M5,supplier_disruption,111,1927,5,True,True
M5,supplier_disruption,111,1927,6,True,True
M5,supplier_disruption,111,1934,0,True,True
M5,supplier_disruption,111,1934,1,True,True
M5,supplier_disruption,111,1934,2,True,True
M5,supplier_disruption,111,1934,3,True,True
M5,supplier_disruption,111,1934,4,True,True
M5,supplier_disruption,111,1934,5,True,True
M5,supplier_disruption,111,1934,6,True,True
M5,supplier_disruption,112,1927,0,True,True
M5,supplier_disruption,112,1927,1,True,True
M5,supplier_disruption,112,1927,2,True,True
M5,supplier_disruption,112,1927,3,True,True
M5,supplier_disruption,112,1927,4,True,True
M5,supplier_disruption,112,1927,5,True,True
M5,supplier_disruption,112,1927,6,True,True
M5,supplier_disruption,112,1934,0,True,True
M5,supplier_disruption,112,1934,1,True,True
M5,supplier_disruption,112,1934,2,True,True
M5,supplier_disruption,112,1934,3,True,True
M5,supplier_disruption,112,1934,4,True,True
M5,supplier_disruption,112,1934,5,True,True
M5,supplier_disruption,112,1934,6,True,True
M5,supplier_disruption,113,1927,0,True,True
M5,supplier_disruption,113,1927,1,True,True
M5,supplier_disruption,113,1927,2,True,True
M5,supplier_disruption,113,1927,3,True,True
M5,supplier_disruption,113,1927,4,True,True
M5,supplier_disruption,113,1927,5,True,True
M5,supplier_disruption,113,1927,6,True,True
M5,supplier_disruption,113,1934,0,True,True
M5,supplier_disruption,113,1934,1,True,True
M5,supplier_disruption,113,1934,2,True,True
M5,supplier_disruption,113,1934,3,True,True
M5,supplier_disruption,113,1934,4,True,True
M5,supplier_disruption,113,1934,5,True,True
M5,supplier_disruption,113,1934,6,True,True
M5,supplier_disruption,114,1927,0,True,True
M5,supplier_disruption,114,1927,1,True,True
M5,supplier_disruption,114,1927,2,True,True
M5,supplier_disruption,114,1927,3,True,True
M5,supplier_disruption,114,1927,4,True,True
M5,supplier_disruption,114,1927,5,True,True
M5,supplier_disruption,114,1927,6,True,True
M5,supplier_disruption,114,1934,0,True,True
M5,supplier_disruption,114,1934,1,True,True
M5,supplier_disruption,114,1934,2,True,True
M5,supplier_disruption,114,1934,3,True,True
M5,supplier_disruption,114,1934,4,True,True
M5,supplier_disruption,114,1934,5,True,True
M5,supplier_disruption,114,1934,6,True,True
M5,supplier_disruption,115,1927,0,True,True
M5,supplier_disruption,115,1927,1,True,True
M5,supplier_disruption,115,1927,2,True,True
M5,supplier_disruption,115,1927,3,True,True
M5,supplier_disruption,115,1927,4,True,True
M5,supplier_disruption,115,1927,5,True,True
M5,supplier_disruption,115,1927,6,True,True
M5,supplier_disruption,115,1934,0,True,True
M5,supplier_disruption,115,1934,1,True,True
M5,supplier_disruption,115,1934,2,True,True
M5,supplier_disruption,115,1934,3,True,True
M5,supplier_disruption,115,1934,4,True,True
M5,supplier_disruption,115,1934,5,True,True
M5,supplier_disruption,115,1934,6,True,True
M5,supplier_disruption,116,1927,0,True,True
M5,supplier_disruption,116,1927,1,True,True
M5,supplier_disruption,116,1927,2,True,True
M5,supplier_disruption,116,1927,3,True,True
M5,supplier_disruption,116,1927,4,True,True
M5,supplier_disruption,116,1927,5,True,True
M5,supplier_disruption,116,1927,6,True,True
M5,supplier_disruption,116,1934,0,True,True
M5,supplier_disruption,116,1934,1,True,True
M5,supplier_disruption,116,1934,2,True,True
M5,supplier_disruption,116,1934,3,True,True
M5,supplier_disruption,116,1934,4,True,True
M5,supplier_disruption,116,1934,5,True,True
M5,supplier_disruption,116,1934,6,True,True
M5,supplier_disruption,117,1927,0,True,True
M5,supplier_disruption,117,1927,1,True,True
M5,supplier_disruption,117,1927,2,True,True
M5,supplier_disruption,117,1927,3,True,True
M5,supplier_disruption,117,1927,4,True,True
M5,supplier_disruption,117,1927,5,True,True
M5,supplier_disruption,117,1927,6,True,True
M5,supplier_disruption,117,1934,0,True,True
M5,supplier_disruption,117,1934,1,True,True
M5,supplier_disruption,117,1934,2,True,True
M5,supplier_disruption,117,1934,3,True,True
M5,supplier_disruption,117,1934,4,True,True
M5,supplier_disruption,117,1934,5,True,True
M5,supplier_disruption,117,1934,6,True,True
M5,supplier_disruption,118,1927,0,True,True
M5,supplier_disruption,118,1927,1,True,True
M5,supplier_disruption,118,1927,2,True,True
M5,supplier_disruption,118,1927,3,True,True
M5,supplier_disruption,118,1927,4,True,True
M5,supplier_disruption,118,1927,5,True,True
M5,supplier_disruption,118,1927,6,True,True
M5,supplier_disruption,118,1934,0,True,True
M5,supplier_disruption,118,1934,1,True,True
M5,supplier_disruption,118,1934,2,True,True
M5,supplier_disruption,118,1934,3,True,True
M5,supplier_disruption,118,1934,4,True,True
M5,supplier_disruption,118,1934,5,True,True
M5,supplier_disruption,118,1934,6,True,True
M5,supplier_disruption,119,1927,0,True,True
M5,supplier_disruption,119,1927,1,True,True
M5,supplier_disruption,119,1927,2,True,True
M5,supplier_disruption,119,1927,3,True,True
M5,supplier_disruption,119,1927,4,True,True
M5,supplier_disruption,119,1927,5,True,True
M5,supplier_disruption,119,1927,6,True,True
M5,supplier_disruption,119,1934,0,True,True
M5,supplier_disruption,119,1934,1,True,True
M5,supplier_disruption,119,1934,2,True,True
M5,supplier_disruption,119,1934,3,True,True
M5,supplier_disruption,119,1934,4,True,True
M5,supplier_disruption,119,1934,5,True,True
M5,supplier_disruption,119,1934,6,True,True
M5,supplier_disruption,120,1927,0,True,True
M5,supplier_disruption,120,1927,1,True,True
M5,supplier_disruption,120,1927,2,True,True
M5,supplier_disruption,120,1927,3,True,True
M5,supplier_disruption,120,1927,4,True,True
M5,supplier_disruption,120,1927,5,True,True
M5,supplier_disruption,120,1927,6,True,True
M5,supplier_disruption,120,1934,0,True,True
M5,supplier_disruption,120,1934,1,True,True
M5,supplier_disruption,120,1934,2,True,True
M5,supplier_disruption,120,1934,3,True,True
M5,supplier_disruption,120,1934,4,True,True
M5,supplier_disruption,120,1934,5,True,True
M5,supplier_disruption,120,1934,6,True,True
M5,supplier_disruption,121,1927,0,True,True
M5,supplier_disruption,121,1927,1,True,True
M5,supplier_disruption,121,1927,2,True,True
M5,supplier_disruption,121,1927,3,True,True
M5,supplier_disruption,121,1927,4,True,True
M5,supplier_disruption,121,1927,5,True,True
M5,supplier_disruption,121,1927,6,True,True
M5,supplier_disruption,121,1934,0,True,True
M5,supplier_disruption,121,1934,1,True,True
M5,supplier_disruption,121,1934,2,True,True
M5,supplier_disruption,121,1934,3,True,True
M5,supplier_disruption,121,1934,4,True,True
M5,supplier_disruption,121,1934,5,True,True
M5,supplier_disruption,121,1934,6,True,True
M5,supplier_disruption,122,1927,0,True,True
M5,supplier_disruption,122,1927,1,True,True
M5,supplier_disruption,122,1927,2,True,True
M5,supplier_disruption,122,1927,3,True,True
M5,supplier_disruption,122,1927,4,True,True
M5,supplier_disruption,122,1927,5,True,True
M5,supplier_disruption,122,1927,6,True,True
M5,supplier_disruption,122,1934,0,True,True
M5,supplier_disruption,122,1934,1,True,True
M5,supplier_disruption,122,1934,2,True,True
M5,supplier_disruption,122,1934,3,True,True
M5,supplier_disruption,122,1934,4,True,True
M5,supplier_disruption,122,1934,5,True,True
M5,supplier_disruption,122,1934,6,True,True
M5,supplier_disruption,123,1927,0,True,True
M5,supplier_disruption,123,1927,1,True,True
M5,supplier_disruption,123,1927,2,True,True
M5,supplier_disruption,123,1927,3,True,True
M5,supplier_disruption,123,1927,4,True,True
M5,supplier_disruption,123,1927,5,True,True
M5,supplier_disruption,123,1927,6,True,True
M5,supplier_disruption,123,1934,0,True,True
M5,supplier_disruption,123,1934,1,True,True
M5,supplier_disruption,123,1934,2,True,True
M5,supplier_disruption,123,1934,3,True,True
M5,supplier_disruption,123,1934,4,True,True
M5,supplier_disruption,123,1934,5,True,True
M5,supplier_disruption,123,1934,6,True,True
M5,supplier_disruption,124,1927,0,True,True
M5,supplier_disruption,124,1927,1,True,True
M5,supplier_disruption,124,1927,2,True,True
M5,supplier_disruption,124,1927,3,True,True
M5,supplier_disruption,124,1927,4,True,True
M5,supplier_disruption,124,1927,5,True,True
M5,supplier_disruption,124,1927,6,True,True
M5,supplier_disruption,124,1934,0,True,True
M5,supplier_disruption,124,1934,1,True,True
M5,supplier_disruption,124,1934,2,True,True
M5,supplier_disruption,124,1934,3,True,True
M5,supplier_disruption,124,1934,4,True,True
M5,supplier_disruption,124,1934,5,True,True
M5,supplier_disruption,124,1934,6,True,True
M5,supplier_disruption,125,1927,0,True,True
M5,supplier_disruption,125,1927,1,True,True
M5,supplier_disruption,125,1927,2,True,True
M5,supplier_disruption,125,1927,3,True,True
M5,supplier_disruption,125,1927,4,True,True
M5,supplier_disruption,125,1927,5,True,True
M5,supplier_disruption,125,1927,6,True,True
M5,supplier_disruption,125,1934,0,True,True
M5,supplier_disruption,125,1934,1,True,True
M5,supplier_disruption,125,1934,2,True,True
M5,supplier_disruption,125,1934,3,True,True
M5,supplier_disruption,125,1934,4,True,True
M5,supplier_disruption,125,1934,5,True,True
M5,supplier_disruption,125,1934,6,True,True
M5,supplier_disruption,126,1927,0,True,True
M5,supplier_disruption,126,1927,1,True,True
M5,supplier_disruption,126,1927,2,True,True
M5,supplier_disruption,126,1927,3,True,True
M5,supplier_disruption,126,1927,4,True,True
M5,supplier_disruption,126,1927,5,True,True
M5,supplier_disruption,126,1927,6,True,True
M5,supplier_disruption,126,1934,0,True,True
M5,supplier_disruption,126,1934,1,True,True
M5,supplier_disruption,126,1934,2,True,True
M5,supplier_disruption,126,1934,3,True,True
M5,supplier_disruption,126,1934,4,True,True
M5,supplier_disruption,126,1934,5,True,True
M5,supplier_disruption,126,1934,6,True,True
M5,supplier_disruption,127,1927,0,True,True
M5,supplier_disruption,127,1927,1,True,True
M5,supplier_disruption,127,1927,2,True,True
M5,supplier_disruption,127,1927,3,True,True
M5,supplier_disruption,127,1927,4,True,True
M5,supplier_disruption,127,1927,5,True,True
M5,supplier_disruption,127,1927,6,True,True
M5,supplier_disruption,127,1934,0,True,True
M5,supplier_disruption,127,1934,1,True,True
M5,supplier_disruption,127,1934,2,True,True
M5,supplier_disruption,127,1934,3,True,True
M5,supplier_disruption,127,1934,4,True,True
M5,supplier_disruption,127,1934,5,True,True
M5,supplier_disruption,127,1934,6,True,True
M5,supplier_disruption,128,1927,0,True,True
M5,supplier_disruption,128,1927,1,True,True
M5,supplier_disruption,128,1927,2,True,True
M5,supplier_disruption,128,1927,3,True,True
M5,supplier_disruption,128,1927,4,True,True
M5,supplier_disruption,128,1927,5,True,True
M5,supplier_disruption,128,1927,6,True,True
M5,supplier_disruption,128,1934,0,True,True
M5,supplier_disruption,128,1934,1,True,True
M5,supplier_disruption,128,1934,2,True,True
M5,supplier_disruption,128,1934,3,True,True
M5,supplier_disruption,128,1934,4,True,True
M5,supplier_disruption,128,1934,5,True,True
M5,supplier_disruption,128,1934,6,True,True
M5,supplier_disruption,129,1927,0,True,True
M5,supplier_disruption,129,1927,1,True,True
M5,supplier_disruption,129,1927,2,True,True
M5,supplier_disruption,129,1927,3,True,True
M5,supplier_disruption,129,1927,4,True,True
M5,supplier_disruption,129,1927,5,True,True
M5,supplier_disruption,129,1927,6,True,True
M5,supplier_disruption,129,1934,0,True,True
M5,supplier_disruption,129,1934,1,True,True
M5,supplier_disruption,129,1934,2,True,True
M5,supplier_disruption,129,1934,3,True,True
M5,supplier_disruption,129,1934,4,True,True
M5,supplier_disruption,129,1934,5,True,True
M5,supplier_disruption,129,1934,6,True,True
M5,supplier_disruption,130,1927,0,True,True
M5,supplier_disruption,130,1927,1,True,True
M5,supplier_disruption,130,1927,2,True,True
M5,supplier_disruption,130,1927,3,True,True
M5,supplier_disruption,130,1927,4,True,True
M5,supplier_disruption,130,1927,5,True,True
M5,supplier_disruption,130,1927,6,True,True
M5,supplier_disruption,130,1934,0,True,True
M5,supplier_disruption,130,1934,1,True,True
M5,supplier_disruption,130,1934,2,True,True
M5,supplier_disruption,130,1934,3,True,True
M5,supplier_disruption,130,1934,4,True,True
M5,supplier_disruption,130,1934,5,True,True
M5,supplier_disruption,130,1934,6,True,True
RetailNet,promotion,101,83,0,True,True
RetailNet,promotion,101,83,1,True,True
RetailNet,promotion,101,83,2,True,True
RetailNet,promotion,101,83,3,True,True
RetailNet,promotion,101,83,4,True,True
RetailNet,promotion,101,83,5,True,True
RetailNet,promotion,101,83,6,False,True
RetailNet,promotion,101,90,0,True,True
RetailNet,promotion,101,90,1,True,True
RetailNet,promotion,101,90,2,False,True
RetailNet,promotion,101,90,3,False,True
RetailNet,promotion,101,90,4,False,True
RetailNet,promotion,101,90,5,False,True
RetailNet,promotion,101,90,6,False,True
RetailNet,promotion,102,83,0,True,True
RetailNet,promotion,102,83,1,True,True
RetailNet,promotion,102,83,2,True,True
RetailNet,promotion,102,83,3,True,True
RetailNet,promotion,102,83,4,False,True
RetailNet,promotion,102,83,5,False,True
RetailNet,promotion,102,83,6,False,True
RetailNet,promotion,102,90,0,True,True
RetailNet,promotion,102,90,1,True,True
RetailNet,promotion,102,90,2,False,True
RetailNet,promotion,102,90,3,False,True
RetailNet,promotion,102,90,4,False,True
RetailNet,promotion,102,90,5,False,True
RetailNet,promotion,102,90,6,False,True
RetailNet,promotion,103,83,0,True,True
RetailNet,promotion,103,83,1,True,True
RetailNet,promotion,103,83,2,False,True
RetailNet,promotion,103,83,3,False,True
RetailNet,promotion,103,83,4,False,True
RetailNet,promotion,103,83,5,False,True
RetailNet,promotion,103,83,6,False,True
RetailNet,promotion,103,90,0,True,True
RetailNet,promotion,103,90,1,True,True
RetailNet,promotion,103,90,2,False,True
RetailNet,promotion,103,90,3,False,True
RetailNet,promotion,103,90,4,False,True
RetailNet,promotion,103,90,5,False,True
RetailNet,promotion,103,90,6,False,True
RetailNet,promotion,104,83,0,True,True
RetailNet,promotion,104,83,1,True,True
RetailNet,promotion,104,83,2,True,True
RetailNet,promotion,104,83,3,False,True
RetailNet,promotion,104,83,4,False,True
RetailNet,promotion,104,83,5,False,True
RetailNet,promotion,104,83,6,False,True
RetailNet,promotion,104,90,0,True,True
RetailNet,promotion,104,90,1,True,True
RetailNet,promotion,104,90,2,False,True
RetailNet,promotion,104,90,3,False,True
RetailNet,promotion,104,90,4,False,True
RetailNet,promotion,104,90,5,False,True
RetailNet,promotion,104,90,6,False,True
RetailNet,promotion,105,83,0,True,True
RetailNet,promotion,105,83,1,True,True
RetailNet,promotion,105,83,2,True,True
RetailNet,promotion,105,83,3,False,True
RetailNet,promotion,105,83,4,False,True
RetailNet,promotion,105,83,5,False,True
RetailNet,promotion,105,83,6,False,True
RetailNet,promotion,105,90,0,True,True
RetailNet,promotion,105,90,1,True,True
RetailNet,promotion,105,90,2,True,True
RetailNet,promotion,105,90,3,True,True
RetailNet,promotion,105,90,4,False,True
RetailNet,promotion,105,90,5,False,True
RetailNet,promotion,105,90,6,False,True
RetailNet,promotion,106,83,0,True,True
RetailNet,promotion,106,83,1,True,True
RetailNet,promotion,106,83,2,False,True
RetailNet,promotion,106,83,3,False,True
RetailNet,promotion,106,83,4,False,True
RetailNet,promotion,106,83,5,False,True
RetailNet,promotion,106,83,6,False,True
RetailNet,promotion,106,90,0,True,True
RetailNet,promotion,106,90,1,True,True
RetailNet,promotion,106,90,2,True,True
RetailNet,promotion,106,90,3,False,True
RetailNet,promotion,106,90,4,False,True
RetailNet,promotion,106,90,5,False,True
RetailNet,promotion,106,90,6,False,True
RetailNet,promotion,107,83,0,True,True
RetailNet,promotion,107,83,1,True,True
RetailNet,promotion,107,83,2,True,True
RetailNet,promotion,107,83,3,True,True
RetailNet,promotion,107,83,4,True,True
RetailNet,promotion,107,83,5,True,True
RetailNet,promotion,107,83,6,False,True
RetailNet,promotion,107,90,0,True,True
RetailNet,promotion,107,90,1,True,True
RetailNet,promotion,107,90,2,True,True
RetailNet,promotion,107,90,3,False,True
RetailNet,promotion,107,90,4,False,True
RetailNet,promotion,107,90,5,False,True
RetailNet,promotion,107,90,6,False,True
RetailNet,promotion,108,83,0,True,True
RetailNet,promotion,108,83,1,True,True
RetailNet,promotion,108,83,2,False,True
RetailNet,promotion,108,83,3,False,True
RetailNet,promotion,108,83,4,False,True
RetailNet,promotion,108,83,5,False,True
RetailNet,promotion,108,83,6,False,True
RetailNet,promotion,108,90,0,True,True
RetailNet,promotion,108,90,1,True,True
RetailNet,promotion,108,90,2,True,True
RetailNet,promotion,108,90,3,True,True
RetailNet,promotion,108,90,4,True,True
RetailNet,promotion,108,90,5,False,True
RetailNet,promotion,108,90,6,False,True
RetailNet,promotion,109,83,0,True,True
RetailNet,promotion,109,83,1,True,True
RetailNet,promotion,109,83,2,False,True
RetailNet,promotion,109,83,3,False,True
RetailNet,promotion,109,83,4,False,True
RetailNet,promotion,109,83,5,False,True
RetailNet,promotion,109,83,6,False,True
RetailNet,promotion,109,90,0,True,True
RetailNet,promotion,109,90,1,True,True
RetailNet,promotion,109,90,2,True,True
RetailNet,promotion,109,90,3,True,True
RetailNet,promotion,109,90,4,False,True
RetailNet,promotion,109,90,5,False,True
RetailNet,promotion,109,90,6,False,True
RetailNet,promotion,110,83,0,True,True
RetailNet,promotion,110,83,1,True,True
RetailNet,promotion,110,83,2,False,True
RetailNet,promotion,110,83,3,False,True
RetailNet,promotion,110,83,4,False,True
RetailNet,promotion,110,83,5,False,True
RetailNet,promotion,110,83,6,False,True
RetailNet,promotion,110,90,0,True,True
RetailNet,promotion,110,90,1,True,True
RetailNet,promotion,110,90,2,False,True
RetailNet,promotion,110,90,3,False,True
RetailNet,promotion,110,90,4,False,True
RetailNet,promotion,110,90,5,False,True
RetailNet,promotion,110,90,6,False,True
RetailNet,promotion,111,83,0,True,True
RetailNet,promotion,111,83,1,True,True
RetailNet,promotion,111,83,2,True,True
RetailNet,promotion,111,83,3,True,True
RetailNet,promotion,111,83,4,True,True
RetailNet,promotion,111,83,5,False,True
RetailNet,promotion,111,83,6,False,True
RetailNet,promotion,111,90,0,True,True
RetailNet,promotion,111,90,1,True,True
RetailNet,promotion,111,90,2,False,True
RetailNet,promotion,111,90,3,False,True
RetailNet,promotion,111,90,4,False,True
RetailNet,promotion,111,90,5,False,True
RetailNet,promotion,111,90,6,False,True
RetailNet,promotion,112,83,0,True,True
RetailNet,promotion,112,83,1,True,True
RetailNet,promotion,112,83,2,False,True
RetailNet,promotion,112,83,3,False,True
RetailNet,promotion,112,83,4,False,True
RetailNet,promotion,112,83,5,False,True
RetailNet,promotion,112,83,6,False,True
RetailNet,promotion,112,90,0,True,True
RetailNet,promotion,112,90,1,True,True
RetailNet,promotion,112,90,2,True,True
RetailNet,promotion,112,90,3,False,True
RetailNet,promotion,112,90,4,False,True
RetailNet,promotion,112,90,5,False,True
RetailNet,promotion,112,90,6,False,True
RetailNet,promotion,113,83,0,True,True
RetailNet,promotion,113,83,1,True,True
RetailNet,promotion,113,83,2,False,True
RetailNet,promotion,113,83,3,False,True
RetailNet,promotion,113,83,4,False,True
RetailNet,promotion,113,83,5,False,True
RetailNet,promotion,113,83,6,False,True
RetailNet,promotion,113,90,0,True,True
RetailNet,promotion,113,90,1,True,True
RetailNet,promotion,113,90,2,True,True
RetailNet,promotion,113,90,3,False,True
RetailNet,promotion,113,90,4,False,True
RetailNet,promotion,113,90,5,False,True
RetailNet,promotion,113,90,6,False,True
RetailNet,promotion,114,83,0,True,True
RetailNet,promotion,114,83,1,True,True
RetailNet,promotion,114,83,2,False,True
RetailNet,promotion,114,83,3,False,True
RetailNet,promotion,114,83,4,False,True
RetailNet,promotion,114,83,5,False,True
RetailNet,promotion,114,83,6,False,True
RetailNet,promotion,114,90,0,True,True
RetailNet,promotion,114,90,1,True,True
RetailNet,promotion,114,90,2,False,True
RetailNet,promotion,114,90,3,False,True
RetailNet,promotion,114,90,4,False,True
RetailNet,promotion,114,90,5,False,True
RetailNet,promotion,114,90,6,False,True
RetailNet,promotion,115,83,0,True,True
RetailNet,promotion,115,83,1,True,True
RetailNet,promotion,115,83,2,False,True
RetailNet,promotion,115,83,3,False,True
RetailNet,promotion,115,83,4,False,True
RetailNet,promotion,115,83,5,False,True
RetailNet,promotion,115,83,6,False,True
RetailNet,promotion,115,90,0,True,True
RetailNet,promotion,115,90,1,True,True
RetailNet,promotion,115,90,2,False,True
RetailNet,promotion,115,90,3,False,True
RetailNet,promotion,115,90,4,False,True
RetailNet,promotion,115,90,5,False,True
RetailNet,promotion,115,90,6,False,True
RetailNet,promotion,116,83,0,True,True
RetailNet,promotion,116,83,1,True,True
RetailNet,promotion,116,83,2,False,True
RetailNet,promotion,116,83,3,False,True
RetailNet,promotion,116,83,4,False,True
RetailNet,promotion,116,83,5,False,True
RetailNet,promotion,116,83,6,False,True
RetailNet,promotion,116,90,0,True,True
RetailNet,promotion,116,90,1,True,True
RetailNet,promotion,116,90,2,False,True
RetailNet,promotion,116,90,3,False,True
RetailNet,promotion,116,90,4,False,True
RetailNet,promotion,116,90,5,False,True
RetailNet,promotion,116,90,6,False,True
RetailNet,promotion,117,83,0,True,True
RetailNet,promotion,117,83,1,True,True
RetailNet,promotion,117,83,2,False,True
RetailNet,promotion,117,83,3,False,True
RetailNet,promotion,117,83,4,False,True
RetailNet,promotion,117,83,5,False,True
RetailNet,promotion,117,83,6,False,True
RetailNet,promotion,117,90,0,True,True
RetailNet,promotion,117,90,1,True,True
RetailNet,promotion,117,90,2,False,True
RetailNet,promotion,117,90,3,False,True
RetailNet,promotion,117,90,4,False,True
RetailNet,promotion,117,90,5,False,True
RetailNet,promotion,117,90,6,False,True
RetailNet,promotion,118,83,0,True,True
RetailNet,promotion,118,83,1,True,True
RetailNet,promotion,118,83,2,True,True
RetailNet,promotion,118,83,3,True,True
RetailNet,promotion,118,83,4,True,True
RetailNet,promotion,118,83,5,False,True
RetailNet,promotion,118,83,6,False,True
RetailNet,promotion,118,90,0,True,True
RetailNet,promotion,118,90,1,True,True
RetailNet,promotion,118,90,2,True,True
RetailNet,promotion,118,90,3,True,True
RetailNet,promotion,118,90,4,False,True
RetailNet,promotion,118,90,5,False,True
RetailNet,promotion,118,90,6,False,True
RetailNet,promotion,119,83,0,True,True
RetailNet,promotion,119,83,1,True,True
RetailNet,promotion,119,83,2,False,True
RetailNet,promotion,119,83,3,False,True
RetailNet,promotion,119,83,4,False,True
RetailNet,promotion,119,83,5,False,True
RetailNet,promotion,119,83,6,False,True
RetailNet,promotion,119,90,0,True,True
RetailNet,promotion,119,90,1,True,True
RetailNet,promotion,119,90,2,True,True
RetailNet,promotion,119,90,3,False,True
RetailNet,promotion,119,90,4,False,True
RetailNet,promotion,119,90,5,False,True
RetailNet,promotion,119,90,6,False,True
RetailNet,promotion,120,83,0,True,True
RetailNet,promotion,120,83,1,True,True
RetailNet,promotion,120,83,2,False,True
RetailNet,promotion,120,83,3,False,True
RetailNet,promotion,120,83,4,False,True
RetailNet,promotion,120,83,5,False,True
RetailNet,promotion,120,83,6,False,True
RetailNet,promotion,120,90,0,True,True
RetailNet,promotion,120,90,1,True,True
RetailNet,promotion,120,90,2,False,True
RetailNet,promotion,120,90,3,False,True
RetailNet,promotion,120,90,4,False,True
RetailNet,promotion,120,90,5,False,True
RetailNet,promotion,120,90,6,False,True
RetailNet,promotion,121,83,0,True,True
RetailNet,promotion,121,83,1,True,True
RetailNet,promotion,121,83,2,True,True
RetailNet,promotion,121,83,3,False,True
RetailNet,promotion,121,83,4,False,True
RetailNet,promotion,121,83,5,False,True
RetailNet,promotion,121,83,6,False,True
RetailNet,promotion,121,90,0,True,True
RetailNet,promotion,121,90,1,True,True
RetailNet,promotion,121,90,2,True,True
RetailNet,promotion,121,90,3,True,True
RetailNet,promotion,121,90,4,False,True
RetailNet,promotion,121,90,5,False,True
RetailNet,promotion,121,90,6,False,True
RetailNet,promotion,122,83,0,True,True
RetailNet,promotion,122,83,1,True,True
RetailNet,promotion,122,83,2,False,True
RetailNet,promotion,122,83,3,False,True
RetailNet,promotion,122,83,4,False,True
RetailNet,promotion,122,83,5,False,True
RetailNet,promotion,122,83,6,False,True
RetailNet,promotion,122,90,0,True,True
RetailNet,promotion,122,90,1,True,True
RetailNet,promotion,122,90,2,False,True
RetailNet,promotion,122,90,3,False,True
RetailNet,promotion,122,90,4,False,True
RetailNet,promotion,122,90,5,False,True
RetailNet,promotion,122,90,6,False,True
RetailNet,promotion,123,83,0,True,True
RetailNet,promotion,123,83,1,True,True
RetailNet,promotion,123,83,2,True,True
RetailNet,promotion,123,83,3,True,True
RetailNet,promotion,123,83,4,True,True
RetailNet,promotion,123,83,5,True,True
RetailNet,promotion,123,83,6,False,True
RetailNet,promotion,123,90,0,True,True
RetailNet,promotion,123,90,1,True,True
RetailNet,promotion,123,90,2,True,True
RetailNet,promotion,123,90,3,True,True
RetailNet,promotion,123,90,4,True,True
RetailNet,promotion,123,90,5,True,True
RetailNet,promotion,123,90,6,False,True
RetailNet,promotion,124,83,0,True,True
RetailNet,promotion,124,83,1,True,True
RetailNet,promotion,124,83,2,True,True
RetailNet,promotion,124,83,3,True,True
RetailNet,promotion,124,83,4,True,True
RetailNet,promotion,124,83,5,True,True
RetailNet,promotion,124,83,6,True,True
RetailNet,promotion,124,90,0,True,True
RetailNet,promotion,124,90,1,True,True
RetailNet,promotion,124,90,2,True,True
RetailNet,promotion,124,90,3,True,True
RetailNet,promotion,124,90,4,False,True
RetailNet,promotion,124,90,5,False,True
RetailNet,promotion,124,90,6,False,True
RetailNet,promotion,125,83,0,True,True
RetailNet,promotion,125,83,1,True,True
RetailNet,promotion,125,83,2,False,True
RetailNet,promotion,125,83,3,False,True
RetailNet,promotion,125,83,4,False,True
RetailNet,promotion,125,83,5,False,True
RetailNet,promotion,125,83,6,False,True
RetailNet,promotion,125,90,0,True,True
RetailNet,promotion,125,90,1,True,True
RetailNet,promotion,125,90,2,True,True
RetailNet,promotion,125,90,3,True,True
RetailNet,promotion,125,90,4,True,True
RetailNet,promotion,125,90,5,False,True
RetailNet,promotion,125,90,6,False,True
RetailNet,promotion,126,83,0,True,True
RetailNet,promotion,126,83,1,True,True
RetailNet,promotion,126,83,2,False,True
RetailNet,promotion,126,83,3,False,True
RetailNet,promotion,126,83,4,False,True
RetailNet,promotion,126,83,5,False,True
RetailNet,promotion,126,83,6,False,True
RetailNet,promotion,126,90,0,True,True
RetailNet,promotion,126,90,1,True,True
RetailNet,promotion,126,90,2,False,True
RetailNet,promotion,126,90,3,False,True
RetailNet,promotion,126,90,4,False,True
RetailNet,promotion,126,90,5,False,True
RetailNet,promotion,126,90,6,False,True
RetailNet,promotion,127,83,0,True,True
RetailNet,promotion,127,83,1,True,True
RetailNet,promotion,127,83,2,True,True
RetailNet,promotion,127,83,3,False,True
RetailNet,promotion,127,83,4,False,True
RetailNet,promotion,127,83,5,False,True
RetailNet,promotion,127,83,6,False,True
RetailNet,promotion,127,90,0,True,True
RetailNet,promotion,127,90,1,True,True
RetailNet,promotion,127,90,2,True,True
RetailNet,promotion,127,90,3,True,True
RetailNet,promotion,127,90,4,True,True
RetailNet,promotion,127,90,5,True,True
RetailNet,promotion,127,90,6,True,True
RetailNet,promotion,128,83,0,True,True
RetailNet,promotion,128,83,1,True,True
RetailNet,promotion,128,83,2,True,True
RetailNet,promotion,128,83,3,True,True
RetailNet,promotion,128,83,4,True,True
RetailNet,promotion,128,83,5,False,True
RetailNet,promotion,128,83,6,False,True
RetailNet,promotion,128,90,0,True,True
RetailNet,promotion,128,90,1,True,True
RetailNet,promotion,128,90,2,True,True
RetailNet,promotion,128,90,3,True,True
RetailNet,promotion,128,90,4,True,True
RetailNet,promotion,128,90,5,False,True
RetailNet,promotion,128,90,6,False,True
RetailNet,promotion,129,83,0,True,True
RetailNet,promotion,129,83,1,True,True
RetailNet,promotion,129,83,2,False,True
RetailNet,promotion,129,83,3,False,True
RetailNet,promotion,129,83,4,False,True
RetailNet,promotion,129,83,5,False,True
RetailNet,promotion,129,83,6,False,True
RetailNet,promotion,129,90,0,True,True
RetailNet,promotion,129,90,1,True,True
RetailNet,promotion,129,90,2,False,True
RetailNet,promotion,129,90,3,False,True
RetailNet,promotion,129,90,4,False,True
RetailNet,promotion,129,90,5,False,True
RetailNet,promotion,129,90,6,False,True
RetailNet,promotion,130,83,0,True,True
RetailNet,promotion,130,83,1,True,True
RetailNet,promotion,130,83,2,False,True
RetailNet,promotion,130,83,3,False,True
RetailNet,promotion,130,83,4,False,True
RetailNet,promotion,130,83,5,False,True
RetailNet,promotion,130,83,6,False,True
RetailNet,promotion,130,90,0,True,True
RetailNet,promotion,130,90,1,True,True
RetailNet,promotion,130,90,2,True,True
RetailNet,promotion,130,90,3,False,True
RetailNet,promotion,130,90,4,False,True
RetailNet,promotion,130,90,5,False,True
RetailNet,promotion,130,90,6,False,True
RetailNet,routine,101,83,0,True,True
RetailNet,routine,101,83,1,True,True
RetailNet,routine,101,83,2,True,True
RetailNet,routine,101,83,3,True,True
RetailNet,routine,101,83,4,True,True
RetailNet,routine,101,83,5,True,True
RetailNet,routine,101,83,6,True,True
RetailNet,routine,101,90,0,True,True
RetailNet,routine,101,90,1,True,True
RetailNet,routine,101,90,2,True,True
RetailNet,routine,101,90,3,True,True
RetailNet,routine,101,90,4,True,True
RetailNet,routine,101,90,5,True,True
RetailNet,routine,101,90,6,True,True
RetailNet,routine,102,83,0,True,True
RetailNet,routine,102,83,1,True,True
RetailNet,routine,102,83,2,True,True
RetailNet,routine,102,83,3,True,True
RetailNet,routine,102,83,4,True,True
RetailNet,routine,102,83,5,True,True
RetailNet,routine,102,83,6,True,True
RetailNet,routine,102,90,0,True,True
RetailNet,routine,102,90,1,True,True
RetailNet,routine,102,90,2,True,True
RetailNet,routine,102,90,3,True,True
RetailNet,routine,102,90,4,True,True
RetailNet,routine,102,90,5,True,True
RetailNet,routine,102,90,6,True,True
RetailNet,routine,103,83,0,True,True
RetailNet,routine,103,83,1,True,True
RetailNet,routine,103,83,2,True,True
RetailNet,routine,103,83,3,True,True
RetailNet,routine,103,83,4,True,True
RetailNet,routine,103,83,5,True,True
RetailNet,routine,103,83,6,True,True
RetailNet,routine,103,90,0,True,True
RetailNet,routine,103,90,1,True,True
RetailNet,routine,103,90,2,True,True
RetailNet,routine,103,90,3,True,True
RetailNet,routine,103,90,4,True,True
RetailNet,routine,103,90,5,True,True
RetailNet,routine,103,90,6,True,True
RetailNet,routine,104,83,0,True,True
RetailNet,routine,104,83,1,True,True
RetailNet,routine,104,83,2,True,True
RetailNet,routine,104,83,3,True,True
RetailNet,routine,104,83,4,True,True
RetailNet,routine,104,83,5,True,True
RetailNet,routine,104,83,6,True,True
RetailNet,routine,104,90,0,True,True
RetailNet,routine,104,90,1,True,True
RetailNet,routine,104,90,2,True,True
RetailNet,routine,104,90,3,True,True
RetailNet,routine,104,90,4,True,True
RetailNet,routine,104,90,5,True,True
RetailNet,routine,104,90,6,True,True
RetailNet,routine,105,83,0,True,True
RetailNet,routine,105,83,1,True,True
RetailNet,routine,105,83,2,True,True
RetailNet,routine,105,83,3,True,True
RetailNet,routine,105,83,4,True,True
RetailNet,routine,105,83,5,True,True
RetailNet,routine,105,83,6,True,True
RetailNet,routine,105,90,0,True,True
RetailNet,routine,105,90,1,True,True
RetailNet,routine,105,90,2,True,True
RetailNet,routine,105,90,3,True,True
RetailNet,routine,105,90,4,True,True
RetailNet,routine,105,90,5,True,True
RetailNet,routine,105,90,6,True,True
RetailNet,routine,106,83,0,True,True
RetailNet,routine,106,83,1,True,True
RetailNet,routine,106,83,2,True,True
RetailNet,routine,106,83,3,True,True
RetailNet,routine,106,83,4,True,True
RetailNet,routine,106,83,5,True,True
RetailNet,routine,106,83,6,True,True
RetailNet,routine,106,90,0,True,True
RetailNet,routine,106,90,1,True,True
RetailNet,routine,106,90,2,True,True
RetailNet,routine,106,90,3,True,True
RetailNet,routine,106,90,4,True,True
RetailNet,routine,106,90,5,True,True
RetailNet,routine,106,90,6,True,True
RetailNet,routine,107,83,0,True,True
RetailNet,routine,107,83,1,True,True
RetailNet,routine,107,83,2,True,True
RetailNet,routine,107,83,3,True,True
RetailNet,routine,107,83,4,True,True
RetailNet,routine,107,83,5,True,True
RetailNet,routine,107,83,6,True,True
RetailNet,routine,107,90,0,True,True
RetailNet,routine,107,90,1,True,True
RetailNet,routine,107,90,2,True,True
RetailNet,routine,107,90,3,True,True
RetailNet,routine,107,90,4,True,True
RetailNet,routine,107,90,5,True,True
RetailNet,routine,107,90,6,True,True
RetailNet,routine,108,83,0,True,True
RetailNet,routine,108,83,1,True,True
RetailNet,routine,108,83,2,True,True
RetailNet,routine,108,83,3,True,True
RetailNet,routine,108,83,4,True,True
RetailNet,routine,108,83,5,True,True
RetailNet,routine,108,83,6,True,True
RetailNet,routine,108,90,0,True,True
RetailNet,routine,108,90,1,True,True
RetailNet,routine,108,90,2,True,True
RetailNet,routine,108,90,3,True,True
RetailNet,routine,108,90,4,True,True
RetailNet,routine,108,90,5,True,True
RetailNet,routine,108,90,6,True,True
RetailNet,routine,109,83,0,True,True
RetailNet,routine,109,83,1,True,True
RetailNet,routine,109,83,2,True,True
RetailNet,routine,109,83,3,True,True
RetailNet,routine,109,83,4,True,True
RetailNet,routine,109,83,5,True,True
RetailNet,routine,109,83,6,True,True
RetailNet,routine,109,90,0,True,True
RetailNet,routine,109,90,1,True,True
RetailNet,routine,109,90,2,True,True
RetailNet,routine,109,90,3,True,True
RetailNet,routine,109,90,4,True,True
RetailNet,routine,109,90,5,True,True
RetailNet,routine,109,90,6,True,True
RetailNet,routine,110,83,0,True,True
RetailNet,routine,110,83,1,True,True
RetailNet,routine,110,83,2,True,True
RetailNet,routine,110,83,3,True,True
RetailNet,routine,110,83,4,True,True
RetailNet,routine,110,83,5,True,True
RetailNet,routine,110,83,6,True,True
RetailNet,routine,110,90,0,True,True
RetailNet,routine,110,90,1,True,True
RetailNet,routine,110,90,2,True,True
RetailNet,routine,110,90,3,True,True
RetailNet,routine,110,90,4,True,True
RetailNet,routine,110,90,5,True,True
RetailNet,routine,110,90,6,True,True
RetailNet,routine,111,83,0,True,True
RetailNet,routine,111,83,1,True,True
RetailNet,routine,111,83,2,True,True
RetailNet,routine,111,83,3,True,True
RetailNet,routine,111,83,4,True,True
RetailNet,routine,111,83,5,True,True
RetailNet,routine,111,83,6,True,True
RetailNet,routine,111,90,0,True,True
RetailNet,routine,111,90,1,True,True
RetailNet,routine,111,90,2,True,True
RetailNet,routine,111,90,3,True,True
RetailNet,routine,111,90,4,True,True
RetailNet,routine,111,90,5,True,True
RetailNet,routine,111,90,6,True,True
RetailNet,routine,112,83,0,True,True
RetailNet,routine,112,83,1,True,True
RetailNet,routine,112,83,2,True,True
RetailNet,routine,112,83,3,True,True
RetailNet,routine,112,83,4,True,True
RetailNet,routine,112,83,5,True,True
RetailNet,routine,112,83,6,True,True
RetailNet,routine,112,90,0,True,True
RetailNet,routine,112,90,1,True,True
RetailNet,routine,112,90,2,True,True
RetailNet,routine,112,90,3,True,True
RetailNet,routine,112,90,4,True,True
RetailNet,routine,112,90,5,True,True
RetailNet,routine,112,90,6,True,True
RetailNet,routine,113,83,0,True,True
RetailNet,routine,113,83,1,True,True
RetailNet,routine,113,83,2,True,True
RetailNet,routine,113,83,3,True,True
RetailNet,routine,113,83,4,True,True
RetailNet,routine,113,83,5,True,True
RetailNet,routine,113,83,6,True,True
RetailNet,routine,113,90,0,True,True
RetailNet,routine,113,90,1,True,True
RetailNet,routine,113,90,2,True,True
RetailNet,routine,113,90,3,True,True
RetailNet,routine,113,90,4,True,True
RetailNet,routine,113,90,5,True,True
RetailNet,routine,113,90,6,True,True
RetailNet,routine,114,83,0,True,True
RetailNet,routine,114,83,1,True,True
RetailNet,routine,114,83,2,True,True
RetailNet,routine,114,83,3,True,True
RetailNet,routine,114,83,4,True,True
RetailNet,routine,114,83,5,True,True
RetailNet,routine,114,83,6,True,True
RetailNet,routine,114,90,0,True,True
RetailNet,routine,114,90,1,True,True
RetailNet,routine,114,90,2,True,True
RetailNet,routine,114,90,3,True,True
RetailNet,routine,114,90,4,True,True
RetailNet,routine,114,90,5,True,True
RetailNet,routine,114,90,6,True,True
RetailNet,routine,115,83,0,True,True
RetailNet,routine,115,83,1,True,True
RetailNet,routine,115,83,2,True,True
RetailNet,routine,115,83,3,True,True
RetailNet,routine,115,83,4,True,True
RetailNet,routine,115,83,5,True,True
RetailNet,routine,115,83,6,True,True
RetailNet,routine,115,90,0,True,True
RetailNet,routine,115,90,1,True,True
RetailNet,routine,115,90,2,True,True
RetailNet,routine,115,90,3,True,True
RetailNet,routine,115,90,4,True,True
RetailNet,routine,115,90,5,True,True
RetailNet,routine,115,90,6,True,True
RetailNet,routine,116,83,0,True,True
RetailNet,routine,116,83,1,True,True
RetailNet,routine,116,83,2,True,True
RetailNet,routine,116,83,3,True,True
RetailNet,routine,116,83,4,True,True
RetailNet,routine,116,83,5,True,True
RetailNet,routine,116,83,6,True,True
RetailNet,routine,116,90,0,True,True
RetailNet,routine,116,90,1,True,True
RetailNet,routine,116,90,2,True,True
RetailNet,routine,116,90,3,True,True
RetailNet,routine,116,90,4,True,True
RetailNet,routine,116,90,5,True,True
RetailNet,routine,116,90,6,True,True
RetailNet,routine,117,83,0,True,True
RetailNet,routine,117,83,1,True,True
RetailNet,routine,117,83,2,True,True
RetailNet,routine,117,83,3,True,True
RetailNet,routine,117,83,4,True,True
RetailNet,routine,117,83,5,True,True
RetailNet,routine,117,83,6,True,True
RetailNet,routine,117,90,0,True,True
RetailNet,routine,117,90,1,True,True
RetailNet,routine,117,90,2,True,True
RetailNet,routine,117,90,3,True,True
RetailNet,routine,117,90,4,True,True
RetailNet,routine,117,90,5,True,True
RetailNet,routine,117,90,6,True,True
RetailNet,routine,118,83,0,True,True
RetailNet,routine,118,83,1,True,True
RetailNet,routine,118,83,2,True,True
RetailNet,routine,118,83,3,True,True
RetailNet,routine,118,83,4,True,True
RetailNet,routine,118,83,5,True,True
RetailNet,routine,118,83,6,True,True
RetailNet,routine,118,90,0,True,True
RetailNet,routine,118,90,1,True,True
RetailNet,routine,118,90,2,True,True
RetailNet,routine,118,90,3,True,True
RetailNet,routine,118,90,4,True,True
RetailNet,routine,118,90,5,True,True
RetailNet,routine,118,90,6,True,True
RetailNet,routine,119,83,0,True,True
RetailNet,routine,119,83,1,True,True
RetailNet,routine,119,83,2,True,True
RetailNet,routine,119,83,3,True,True
RetailNet,routine,119,83,4,True,True
RetailNet,routine,119,83,5,True,True
RetailNet,routine,119,83,6,True,True
RetailNet,routine,119,90,0,True,True
RetailNet,routine,119,90,1,True,True
RetailNet,routine,119,90,2,True,True
RetailNet,routine,119,90,3,True,True
RetailNet,routine,119,90,4,True,True
RetailNet,routine,119,90,5,True,True
RetailNet,routine,119,90,6,True,True
RetailNet,routine,120,83,0,True,True
RetailNet,routine,120,83,1,True,True
RetailNet,routine,120,83,2,True,True
RetailNet,routine,120,83,3,True,True
RetailNet,routine,120,83,4,True,True
RetailNet,routine,120,83,5,True,True
RetailNet,routine,120,83,6,True,True
RetailNet,routine,120,90,0,True,True
RetailNet,routine,120,90,1,True,True
RetailNet,routine,120,90,2,True,True
RetailNet,routine,120,90,3,True,True
RetailNet,routine,120,90,4,True,True
RetailNet,routine,120,90,5,True,True
RetailNet,routine,120,90,6,True,True
RetailNet,routine,121,83,0,True,True
RetailNet,routine,121,83,1,True,True
RetailNet,routine,121,83,2,True,True
RetailNet,routine,121,83,3,True,True
RetailNet,routine,121,83,4,True,True
RetailNet,routine,121,83,5,True,True
RetailNet,routine,121,83,6,True,True
RetailNet,routine,121,90,0,True,True
RetailNet,routine,121,90,1,True,True
RetailNet,routine,121,90,2,True,True
RetailNet,routine,121,90,3,True,True
RetailNet,routine,121,90,4,True,True
RetailNet,routine,121,90,5,True,True
RetailNet,routine,121,90,6,True,True
RetailNet,routine,122,83,0,True,True
RetailNet,routine,122,83,1,True,True
RetailNet,routine,122,83,2,True,True
RetailNet,routine,122,83,3,True,True
RetailNet,routine,122,83,4,True,True
RetailNet,routine,122,83,5,True,True
RetailNet,routine,122,83,6,True,True
RetailNet,routine,122,90,0,True,True
RetailNet,routine,122,90,1,True,True
RetailNet,routine,122,90,2,True,True
RetailNet,routine,122,90,3,True,True
RetailNet,routine,122,90,4,True,True
RetailNet,routine,122,90,5,True,True
RetailNet,routine,122,90,6,True,True
RetailNet,routine,123,83,0,True,True
RetailNet,routine,123,83,1,True,True
RetailNet,routine,123,83,2,True,True
RetailNet,routine,123,83,3,True,True
RetailNet,routine,123,83,4,True,True
RetailNet,routine,123,83,5,True,True
RetailNet,routine,123,83,6,True,True
RetailNet,routine,123,90,0,True,True
RetailNet,routine,123,90,1,True,True
RetailNet,routine,123,90,2,True,True
RetailNet,routine,123,90,3,True,True
RetailNet,routine,123,90,4,True,True
RetailNet,routine,123,90,5,True,True
RetailNet,routine,123,90,6,True,True
RetailNet,routine,124,83,0,True,True
RetailNet,routine,124,83,1,True,True
RetailNet,routine,124,83,2,True,True
RetailNet,routine,124,83,3,True,True
RetailNet,routine,124,83,4,True,True
RetailNet,routine,124,83,5,True,True
RetailNet,routine,124,83,6,True,True
RetailNet,routine,124,90,0,True,True
RetailNet,routine,124,90,1,True,True
RetailNet,routine,124,90,2,True,True
RetailNet,routine,124,90,3,True,True
RetailNet,routine,124,90,4,True,True
RetailNet,routine,124,90,5,True,True
RetailNet,routine,124,90,6,True,True
RetailNet,routine,125,83,0,True,True
RetailNet,routine,125,83,1,True,True
RetailNet,routine,125,83,2,True,True
RetailNet,routine,125,83,3,True,True
RetailNet,routine,125,83,4,True,True
RetailNet,routine,125,83,5,True,True
RetailNet,routine,125,83,6,True,True
RetailNet,routine,125,90,0,True,True
RetailNet,routine,125,90,1,True,True
RetailNet,routine,125,90,2,True,True
RetailNet,routine,125,90,3,True,True
RetailNet,routine,125,90,4,True,True
RetailNet,routine,125,90,5,True,True
RetailNet,routine,125,90,6,True,True
RetailNet,routine,126,83,0,True,True
RetailNet,routine,126,83,1,True,True
RetailNet,routine,126,83,2,True,True
RetailNet,routine,126,83,3,True,True
RetailNet,routine,126,83,4,True,True
RetailNet,routine,126,83,5,True,True
RetailNet,routine,126,83,6,True,True
RetailNet,routine,126,90,0,True,True
RetailNet,routine,126,90,1,True,True
RetailNet,routine,126,90,2,True,True
RetailNet,routine,126,90,3,True,True
RetailNet,routine,126,90,4,True,True
RetailNet,routine,126,90,5,True,True
RetailNet,routine,126,90,6,True,True
RetailNet,routine,127,83,0,True,True
RetailNet,routine,127,83,1,True,True
RetailNet,routine,127,83,2,True,True
RetailNet,routine,127,83,3,True,True
RetailNet,routine,127,83,4,True,True
RetailNet,routine,127,83,5,True,True
RetailNet,routine,127,83,6,True,True
RetailNet,routine,127,90,0,True,True
RetailNet,routine,127,90,1,True,True
RetailNet,routine,127,90,2,True,True
RetailNet,routine,127,90,3,True,True
RetailNet,routine,127,90,4,True,True
RetailNet,routine,127,90,5,True,True
RetailNet,routine,127,90,6,True,True
RetailNet,routine,128,83,0,True,True
RetailNet,routine,128,83,1,True,True
RetailNet,routine,128,83,2,True,True
RetailNet,routine,128,83,3,True,True
RetailNet,routine,128,83,4,True,True
RetailNet,routine,128,83,5,True,True
RetailNet,routine,128,83,6,True,True
RetailNet,routine,128,90,0,True,True
RetailNet,routine,128,90,1,True,True
RetailNet,routine,128,90,2,True,True
RetailNet,routine,128,90,3,True,True
RetailNet,routine,128,90,4,True,True
RetailNet,routine,128,90,5,True,True
RetailNet,routine,128,90,6,True,True
RetailNet,routine,129,83,0,True,True
RetailNet,routine,129,83,1,True,True
RetailNet,routine,129,83,2,True,True
RetailNet,routine,129,83,3,True,True
RetailNet,routine,129,83,4,True,True
RetailNet,routine,129,83,5,True,True
RetailNet,routine,129,83,6,True,True
RetailNet,routine,129,90,0,True,True
RetailNet,routine,129,90,1,True,True
RetailNet,routine,129,90,2,True,True
RetailNet,routine,129,90,3,True,True
RetailNet,routine,129,90,4,True,True
RetailNet,routine,129,90,5,True,True
RetailNet,routine,129,90,6,True,True
RetailNet,routine,130,83,0,True,True
RetailNet,routine,130,83,1,True,True
RetailNet,routine,130,83,2,True,True
RetailNet,routine,130,83,3,True,True
RetailNet,routine,130,83,4,True,True
RetailNet,routine,130,83,5,True,True
RetailNet,routine,130,83,6,True,True
RetailNet,routine,130,90,0,True,True
RetailNet,routine,130,90,1,True,True
RetailNet,routine,130,90,2,True,True
RetailNet,routine,130,90,3,True,True
RetailNet,routine,130,90,4,True,True
RetailNet,routine,130,90,5,True,True
RetailNet,routine,130,90,6,True,True
RetailNet,supplier_disruption,101,83,0,True,True
RetailNet,supplier_disruption,101,83,1,True,True
RetailNet,supplier_disruption,101,83,2,True,True
RetailNet,supplier_disruption,101,83,3,True,True
RetailNet,supplier_disruption,101,83,4,True,True
RetailNet,supplier_disruption,101,83,5,True,True
RetailNet,supplier_disruption,101,83,6,True,True
RetailNet,supplier_disruption,101,90,0,True,True
RetailNet,supplier_disruption,101,90,1,True,True
RetailNet,supplier_disruption,101,90,2,True,True
RetailNet,supplier_disruption,101,90,3,True,True
RetailNet,supplier_disruption,101,90,4,True,True
RetailNet,supplier_disruption,101,90,5,True,True
RetailNet,supplier_disruption,101,90,6,True,True
RetailNet,supplier_disruption,102,83,0,True,True
RetailNet,supplier_disruption,102,83,1,True,True
RetailNet,supplier_disruption,102,83,2,True,True
RetailNet,supplier_disruption,102,83,3,True,True
RetailNet,supplier_disruption,102,83,4,True,True
RetailNet,supplier_disruption,102,83,5,True,True
RetailNet,supplier_disruption,102,83,6,True,True
RetailNet,supplier_disruption,102,90,0,True,True
RetailNet,supplier_disruption,102,90,1,True,True
RetailNet,supplier_disruption,102,90,2,True,True
RetailNet,supplier_disruption,102,90,3,True,True
RetailNet,supplier_disruption,102,90,4,True,True
RetailNet,supplier_disruption,102,90,5,True,True
RetailNet,supplier_disruption,102,90,6,True,True
RetailNet,supplier_disruption,103,83,0,True,True
RetailNet,supplier_disruption,103,83,1,True,True
RetailNet,supplier_disruption,103,83,2,True,True
RetailNet,supplier_disruption,103,83,3,True,True
RetailNet,supplier_disruption,103,83,4,True,True
RetailNet,supplier_disruption,103,83,5,True,True
RetailNet,supplier_disruption,103,83,6,True,True
RetailNet,supplier_disruption,103,90,0,True,True
RetailNet,supplier_disruption,103,90,1,True,True
RetailNet,supplier_disruption,103,90,2,True,True
RetailNet,supplier_disruption,103,90,3,True,True
RetailNet,supplier_disruption,103,90,4,True,True
RetailNet,supplier_disruption,103,90,5,True,True
RetailNet,supplier_disruption,103,90,6,True,True
RetailNet,supplier_disruption,104,83,0,True,True
RetailNet,supplier_disruption,104,83,1,True,True
RetailNet,supplier_disruption,104,83,2,True,True
RetailNet,supplier_disruption,104,83,3,True,True
RetailNet,supplier_disruption,104,83,4,True,True
RetailNet,supplier_disruption,104,83,5,True,True
RetailNet,supplier_disruption,104,83,6,True,True
RetailNet,supplier_disruption,104,90,0,True,True
RetailNet,supplier_disruption,104,90,1,True,True
RetailNet,supplier_disruption,104,90,2,True,True
RetailNet,supplier_disruption,104,90,3,True,True
RetailNet,supplier_disruption,104,90,4,True,True
RetailNet,supplier_disruption,104,90,5,True,True
RetailNet,supplier_disruption,104,90,6,True,True
RetailNet,supplier_disruption,105,83,0,True,True
RetailNet,supplier_disruption,105,83,1,True,True
RetailNet,supplier_disruption,105,83,2,True,True
RetailNet,supplier_disruption,105,83,3,True,True
RetailNet,supplier_disruption,105,83,4,True,True
RetailNet,supplier_disruption,105,83,5,True,True
RetailNet,supplier_disruption,105,83,6,True,True
RetailNet,supplier_disruption,105,90,0,True,True
RetailNet,supplier_disruption,105,90,1,True,True
RetailNet,supplier_disruption,105,90,2,True,True
RetailNet,supplier_disruption,105,90,3,True,True
RetailNet,supplier_disruption,105,90,4,True,True
RetailNet,supplier_disruption,105,90,5,True,True
RetailNet,supplier_disruption,105,90,6,True,True
RetailNet,supplier_disruption,106,83,0,True,True
RetailNet,supplier_disruption,106,83,1,True,True
RetailNet,supplier_disruption,106,83,2,True,True
RetailNet,supplier_disruption,106,83,3,True,True
RetailNet,supplier_disruption,106,83,4,True,True
RetailNet,supplier_disruption,106,83,5,True,True
RetailNet,supplier_disruption,106,83,6,True,True
RetailNet,supplier_disruption,106,90,0,True,True
RetailNet,supplier_disruption,106,90,1,True,True
RetailNet,supplier_disruption,106,90,2,True,True
RetailNet,supplier_disruption,106,90,3,True,True
RetailNet,supplier_disruption,106,90,4,True,True
RetailNet,supplier_disruption,106,90,5,True,True
RetailNet,supplier_disruption,106,90,6,True,True
RetailNet,supplier_disruption,107,83,0,True,True
RetailNet,supplier_disruption,107,83,1,True,True
RetailNet,supplier_disruption,107,83,2,True,True
RetailNet,supplier_disruption,107,83,3,True,True
RetailNet,supplier_disruption,107,83,4,True,True
RetailNet,supplier_disruption,107,83,5,True,True
RetailNet,supplier_disruption,107,83,6,True,True
RetailNet,supplier_disruption,107,90,0,True,True
RetailNet,supplier_disruption,107,90,1,True,True
RetailNet,supplier_disruption,107,90,2,True,True
RetailNet,supplier_disruption,107,90,3,True,True
RetailNet,supplier_disruption,107,90,4,True,True
RetailNet,supplier_disruption,107,90,5,True,True
RetailNet,supplier_disruption,107,90,6,True,True
RetailNet,supplier_disruption,108,83,0,True,True
RetailNet,supplier_disruption,108,83,1,True,True
RetailNet,supplier_disruption,108,83,2,True,True
RetailNet,supplier_disruption,108,83,3,True,True
RetailNet,supplier_disruption,108,83,4,True,True
RetailNet,supplier_disruption,108,83,5,True,True
RetailNet,supplier_disruption,108,83,6,True,True
RetailNet,supplier_disruption,108,90,0,True,True
RetailNet,supplier_disruption,108,90,1,True,True
RetailNet,supplier_disruption,108,90,2,True,True
RetailNet,supplier_disruption,108,90,3,True,True
RetailNet,supplier_disruption,108,90,4,True,True
RetailNet,supplier_disruption,108,90,5,True,True
RetailNet,supplier_disruption,108,90,6,True,True
RetailNet,supplier_disruption,109,83,0,True,True
RetailNet,supplier_disruption,109,83,1,True,True
RetailNet,supplier_disruption,109,83,2,True,True
RetailNet,supplier_disruption,109,83,3,True,True
RetailNet,supplier_disruption,109,83,4,True,True
RetailNet,supplier_disruption,109,83,5,True,True
RetailNet,supplier_disruption,109,83,6,True,True
RetailNet,supplier_disruption,109,90,0,True,True
RetailNet,supplier_disruption,109,90,1,True,True
RetailNet,supplier_disruption,109,90,2,True,True
RetailNet,supplier_disruption,109,90,3,True,True
RetailNet,supplier_disruption,109,90,4,True,True
RetailNet,supplier_disruption,109,90,5,True,True
RetailNet,supplier_disruption,109,90,6,True,True
RetailNet,supplier_disruption,110,83,0,True,True
RetailNet,supplier_disruption,110,83,1,True,True
RetailNet,supplier_disruption,110,83,2,True,True
RetailNet,supplier_disruption,110,83,3,True,True
RetailNet,supplier_disruption,110,83,4,True,True
RetailNet,supplier_disruption,110,83,5,True,True
RetailNet,supplier_disruption,110,83,6,True,True
RetailNet,supplier_disruption,110,90,0,True,True
RetailNet,supplier_disruption,110,90,1,True,True
RetailNet,supplier_disruption,110,90,2,True,True
RetailNet,supplier_disruption,110,90,3,True,True
RetailNet,supplier_disruption,110,90,4,True,True
RetailNet,supplier_disruption,110,90,5,True,True
RetailNet,supplier_disruption,110,90,6,True,True
RetailNet,supplier_disruption,111,83,0,True,True
RetailNet,supplier_disruption,111,83,1,True,True
RetailNet,supplier_disruption,111,83,2,True,True
RetailNet,supplier_disruption,111,83,3,True,True
RetailNet,supplier_disruption,111,83,4,True,True
RetailNet,supplier_disruption,111,83,5,True,True
RetailNet,supplier_disruption,111,83,6,True,True
RetailNet,supplier_disruption,111,90,0,True,True
RetailNet,supplier_disruption,111,90,1,True,True
RetailNet,supplier_disruption,111,90,2,True,True
RetailNet,supplier_disruption,111,90,3,True,True
RetailNet,supplier_disruption,111,90,4,True,True
RetailNet,supplier_disruption,111,90,5,True,True
RetailNet,supplier_disruption,111,90,6,True,True
RetailNet,supplier_disruption,112,83,0,True,True
RetailNet,supplier_disruption,112,83,1,True,True
RetailNet,supplier_disruption,112,83,2,True,True
RetailNet,supplier_disruption,112,83,3,True,True
RetailNet,supplier_disruption,112,83,4,True,True
RetailNet,supplier_disruption,112,83,5,True,True
RetailNet,supplier_disruption,112,83,6,True,True
RetailNet,supplier_disruption,112,90,0,True,True
RetailNet,supplier_disruption,112,90,1,True,True
RetailNet,supplier_disruption,112,90,2,True,True
RetailNet,supplier_disruption,112,90,3,True,True
RetailNet,supplier_disruption,112,90,4,True,True
RetailNet,supplier_disruption,112,90,5,True,True
RetailNet,supplier_disruption,112,90,6,True,True
RetailNet,supplier_disruption,113,83,0,True,True
RetailNet,supplier_disruption,113,83,1,True,True
RetailNet,supplier_disruption,113,83,2,True,True
RetailNet,supplier_disruption,113,83,3,True,True
RetailNet,supplier_disruption,113,83,4,True,True
RetailNet,supplier_disruption,113,83,5,True,True
RetailNet,supplier_disruption,113,83,6,True,True
RetailNet,supplier_disruption,113,90,0,True,True
RetailNet,supplier_disruption,113,90,1,True,True
RetailNet,supplier_disruption,113,90,2,True,True
RetailNet,supplier_disruption,113,90,3,True,True
RetailNet,supplier_disruption,113,90,4,True,True
RetailNet,supplier_disruption,113,90,5,True,True
RetailNet,supplier_disruption,113,90,6,True,True
RetailNet,supplier_disruption,114,83,0,True,True
RetailNet,supplier_disruption,114,83,1,True,True
RetailNet,supplier_disruption,114,83,2,True,True
RetailNet,supplier_disruption,114,83,3,True,True
RetailNet,supplier_disruption,114,83,4,True,True
RetailNet,supplier_disruption,114,83,5,True,True
RetailNet,supplier_disruption,114,83,6,True,True
RetailNet,supplier_disruption,114,90,0,True,True
RetailNet,supplier_disruption,114,90,1,True,True
RetailNet,supplier_disruption,114,90,2,True,True
RetailNet,supplier_disruption,114,90,3,True,True
RetailNet,supplier_disruption,114,90,4,True,True
RetailNet,supplier_disruption,114,90,5,True,True
RetailNet,supplier_disruption,114,90,6,True,True
RetailNet,supplier_disruption,115,83,0,True,True
RetailNet,supplier_disruption,115,83,1,True,True
RetailNet,supplier_disruption,115,83,2,True,True
RetailNet,supplier_disruption,115,83,3,True,True
RetailNet,supplier_disruption,115,83,4,True,True
RetailNet,supplier_disruption,115,83,5,True,True
RetailNet,supplier_disruption,115,83,6,True,True
RetailNet,supplier_disruption,115,90,0,True,True
RetailNet,supplier_disruption,115,90,1,True,True
RetailNet,supplier_disruption,115,90,2,True,True
RetailNet,supplier_disruption,115,90,3,True,True
RetailNet,supplier_disruption,115,90,4,True,True
RetailNet,supplier_disruption,115,90,5,True,True
RetailNet,supplier_disruption,115,90,6,True,True
RetailNet,supplier_disruption,116,83,0,True,True
RetailNet,supplier_disruption,116,83,1,True,True
RetailNet,supplier_disruption,116,83,2,True,True
RetailNet,supplier_disruption,116,83,3,True,True
RetailNet,supplier_disruption,116,83,4,True,True
RetailNet,supplier_disruption,116,83,5,True,True
RetailNet,supplier_disruption,116,83,6,True,True
RetailNet,supplier_disruption,116,90,0,True,True
RetailNet,supplier_disruption,116,90,1,True,True
RetailNet,supplier_disruption,116,90,2,True,True
RetailNet,supplier_disruption,116,90,3,True,True
RetailNet,supplier_disruption,116,90,4,True,True
RetailNet,supplier_disruption,116,90,5,True,True
RetailNet,supplier_disruption,116,90,6,True,True
RetailNet,supplier_disruption,117,83,0,True,True
RetailNet,supplier_disruption,117,83,1,True,True
RetailNet,supplier_disruption,117,83,2,True,True
RetailNet,supplier_disruption,117,83,3,True,True
RetailNet,supplier_disruption,117,83,4,True,True
RetailNet,supplier_disruption,117,83,5,True,True
RetailNet,supplier_disruption,117,83,6,True,True
RetailNet,supplier_disruption,117,90,0,True,True
RetailNet,supplier_disruption,117,90,1,True,True
RetailNet,supplier_disruption,117,90,2,True,True
RetailNet,supplier_disruption,117,90,3,True,True
RetailNet,supplier_disruption,117,90,4,True,True
RetailNet,supplier_disruption,117,90,5,True,True
RetailNet,supplier_disruption,117,90,6,True,True
RetailNet,supplier_disruption,118,83,0,True,True
RetailNet,supplier_disruption,118,83,1,True,True
RetailNet,supplier_disruption,118,83,2,True,True
RetailNet,supplier_disruption,118,83,3,True,True
RetailNet,supplier_disruption,118,83,4,True,True
RetailNet,supplier_disruption,118,83,5,True,True
RetailNet,supplier_disruption,118,83,6,True,True
RetailNet,supplier_disruption,118,90,0,True,True
RetailNet,supplier_disruption,118,90,1,True,True
RetailNet,supplier_disruption,118,90,2,True,True
RetailNet,supplier_disruption,118,90,3,True,True
RetailNet,supplier_disruption,118,90,4,True,True
RetailNet,supplier_disruption,118,90,5,True,True
RetailNet,supplier_disruption,118,90,6,True,True
RetailNet,supplier_disruption,119,83,0,True,True
RetailNet,supplier_disruption,119,83,1,True,True
RetailNet,supplier_disruption,119,83,2,True,True
RetailNet,supplier_disruption,119,83,3,True,True
RetailNet,supplier_disruption,119,83,4,True,True
RetailNet,supplier_disruption,119,83,5,True,True
RetailNet,supplier_disruption,119,83,6,True,True
RetailNet,supplier_disruption,119,90,0,True,True
RetailNet,supplier_disruption,119,90,1,True,True
RetailNet,supplier_disruption,119,90,2,True,True
RetailNet,supplier_disruption,119,90,3,True,True
RetailNet,supplier_disruption,119,90,4,True,True
RetailNet,supplier_disruption,119,90,5,True,True
RetailNet,supplier_disruption,119,90,6,True,True
RetailNet,supplier_disruption,120,83,0,True,True
RetailNet,supplier_disruption,120,83,1,True,True
RetailNet,supplier_disruption,120,83,2,True,True
RetailNet,supplier_disruption,120,83,3,True,True
RetailNet,supplier_disruption,120,83,4,True,True
RetailNet,supplier_disruption,120,83,5,True,True
RetailNet,supplier_disruption,120,83,6,True,True
RetailNet,supplier_disruption,120,90,0,True,True
RetailNet,supplier_disruption,120,90,1,True,True
RetailNet,supplier_disruption,120,90,2,True,True
RetailNet,supplier_disruption,120,90,3,True,True
RetailNet,supplier_disruption,120,90,4,True,True
RetailNet,supplier_disruption,120,90,5,True,True
RetailNet,supplier_disruption,120,90,6,True,True
RetailNet,supplier_disruption,121,83,0,True,True
RetailNet,supplier_disruption,121,83,1,True,True
RetailNet,supplier_disruption,121,83,2,True,True
RetailNet,supplier_disruption,121,83,3,True,True
RetailNet,supplier_disruption,121,83,4,True,True
RetailNet,supplier_disruption,121,83,5,True,True
RetailNet,supplier_disruption,121,83,6,True,True
RetailNet,supplier_disruption,121,90,0,True,True
RetailNet,supplier_disruption,121,90,1,True,True
RetailNet,supplier_disruption,121,90,2,True,True
RetailNet,supplier_disruption,121,90,3,True,True
RetailNet,supplier_disruption,121,90,4,True,True
RetailNet,supplier_disruption,121,90,5,True,True
RetailNet,supplier_disruption,121,90,6,True,True
RetailNet,supplier_disruption,122,83,0,True,True
RetailNet,supplier_disruption,122,83,1,True,True
RetailNet,supplier_disruption,122,83,2,True,True
RetailNet,supplier_disruption,122,83,3,True,True
RetailNet,supplier_disruption,122,83,4,True,True
RetailNet,supplier_disruption,122,83,5,True,True
RetailNet,supplier_disruption,122,83,6,True,True
RetailNet,supplier_disruption,122,90,0,True,True
RetailNet,supplier_disruption,122,90,1,True,True
RetailNet,supplier_disruption,122,90,2,True,True
RetailNet,supplier_disruption,122,90,3,True,True
RetailNet,supplier_disruption,122,90,4,True,True
RetailNet,supplier_disruption,122,90,5,True,True
RetailNet,supplier_disruption,122,90,6,True,True
RetailNet,supplier_disruption,123,83,0,True,True
RetailNet,supplier_disruption,123,83,1,True,True
RetailNet,supplier_disruption,123,83,2,True,True
RetailNet,supplier_disruption,123,83,3,True,True
RetailNet,supplier_disruption,123,83,4,True,True
RetailNet,supplier_disruption,123,83,5,True,True
RetailNet,supplier_disruption,123,83,6,True,True
RetailNet,supplier_disruption,123,90,0,True,True
RetailNet,supplier_disruption,123,90,1,True,True
RetailNet,supplier_disruption,123,90,2,True,True
RetailNet,supplier_disruption,123,90,3,True,True
RetailNet,supplier_disruption,123,90,4,True,True
RetailNet,supplier_disruption,123,90,5,True,True
RetailNet,supplier_disruption,123,90,6,True,True
RetailNet,supplier_disruption,124,83,0,True,True
RetailNet,supplier_disruption,124,83,1,True,True
RetailNet,supplier_disruption,124,83,2,True,True
RetailNet,supplier_disruption,124,83,3,True,True
RetailNet,supplier_disruption,124,83,4,True,True
RetailNet,supplier_disruption,124,83,5,True,True
RetailNet,supplier_disruption,124,83,6,True,True
RetailNet,supplier_disruption,124,90,0,True,True
RetailNet,supplier_disruption,124,90,1,True,True
RetailNet,supplier_disruption,124,90,2,True,True
RetailNet,supplier_disruption,124,90,3,True,True
RetailNet,supplier_disruption,124,90,4,True,True
RetailNet,supplier_disruption,124,90,5,True,True
RetailNet,supplier_disruption,124,90,6,True,True
RetailNet,supplier_disruption,125,83,0,True,True
RetailNet,supplier_disruption,125,83,1,True,True
RetailNet,supplier_disruption,125,83,2,True,True
RetailNet,supplier_disruption,125,83,3,True,True
RetailNet,supplier_disruption,125,83,4,True,True
RetailNet,supplier_disruption,125,83,5,True,True
RetailNet,supplier_disruption,125,83,6,True,True
RetailNet,supplier_disruption,125,90,0,True,True
RetailNet,supplier_disruption,125,90,1,True,True
RetailNet,supplier_disruption,125,90,2,True,True
RetailNet,supplier_disruption,125,90,3,True,True
RetailNet,supplier_disruption,125,90,4,True,True
RetailNet,supplier_disruption,125,90,5,True,True
RetailNet,supplier_disruption,125,90,6,True,True
RetailNet,supplier_disruption,126,83,0,True,True
RetailNet,supplier_disruption,126,83,1,True,True
RetailNet,supplier_disruption,126,83,2,True,True
RetailNet,supplier_disruption,126,83,3,True,True
RetailNet,supplier_disruption,126,83,4,True,True
RetailNet,supplier_disruption,126,83,5,True,True
RetailNet,supplier_disruption,126,83,6,True,True
RetailNet,supplier_disruption,126,90,0,True,True
RetailNet,supplier_disruption,126,90,1,True,True
RetailNet,supplier_disruption,126,90,2,True,True
RetailNet,supplier_disruption,126,90,3,True,True
RetailNet,supplier_disruption,126,90,4,True,True
RetailNet,supplier_disruption,126,90,5,True,True
RetailNet,supplier_disruption,126,90,6,True,True
RetailNet,supplier_disruption,127,83,0,True,True
RetailNet,supplier_disruption,127,83,1,True,True
RetailNet,supplier_disruption,127,83,2,True,True
RetailNet,supplier_disruption,127,83,3,True,True
RetailNet,supplier_disruption,127,83,4,True,True
RetailNet,supplier_disruption,127,83,5,True,True
RetailNet,supplier_disruption,127,83,6,True,True
RetailNet,supplier_disruption,127,90,0,True,True
RetailNet,supplier_disruption,127,90,1,True,True
RetailNet,supplier_disruption,127,90,2,True,True
RetailNet,supplier_disruption,127,90,3,True,True
RetailNet,supplier_disruption,127,90,4,True,True
RetailNet,supplier_disruption,127,90,5,True,True
RetailNet,supplier_disruption,127,90,6,True,True
RetailNet,supplier_disruption,128,83,0,True,True
RetailNet,supplier_disruption,128,83,1,True,True
RetailNet,supplier_disruption,128,83,2,True,True
RetailNet,supplier_disruption,128,83,3,True,True
RetailNet,supplier_disruption,128,83,4,True,True
RetailNet,supplier_disruption,128,83,5,True,True
RetailNet,supplier_disruption,128,83,6,True,True
RetailNet,supplier_disruption,128,90,0,True,True
RetailNet,supplier_disruption,128,90,1,True,True
RetailNet,supplier_disruption,128,90,2,True,True
RetailNet,supplier_disruption,128,90,3,True,True
RetailNet,supplier_disruption,128,90,4,True,True
RetailNet,supplier_disruption,128,90,5,True,True
RetailNet,supplier_disruption,128,90,6,True,True
RetailNet,supplier_disruption,129,83,0,True,True
RetailNet,supplier_disruption,129,83,1,True,True
RetailNet,supplier_disruption,129,83,2,True,True
RetailNet,supplier_disruption,129,83,3,True,True
RetailNet,supplier_disruption,129,83,4,True,True
RetailNet,supplier_disruption,129,83,5,True,True
RetailNet,supplier_disruption,129,83,6,True,True
RetailNet,supplier_disruption,129,90,0,True,True
RetailNet,supplier_disruption,129,90,1,True,True
RetailNet,supplier_disruption,129,90,2,True,True
RetailNet,supplier_disruption,129,90,3,True,True
RetailNet,supplier_disruption,129,90,4,True,True
RetailNet,supplier_disruption,129,90,5,True,True
RetailNet,supplier_disruption,129,90,6,True,True
RetailNet,supplier_disruption,130,83,0,True,True
RetailNet,supplier_disruption,130,83,1,True,True
RetailNet,supplier_disruption,130,83,2,True,True
RetailNet,supplier_disruption,130,83,3,True,True
RetailNet,supplier_disruption,130,83,4,True,True
RetailNet,supplier_disruption,130,83,5,True,True
RetailNet,supplier_disruption,130,83,6,True,True
RetailNet,supplier_disruption,130,90,0,True,True
RetailNet,supplier_disruption,130,90,1,True,True
RetailNet,supplier_disruption,130,90,2,True,True
RetailNet,supplier_disruption,130,90,3,True,True
RetailNet,supplier_disruption,130,90,4,True,True
RetailNet,supplier_disruption,130,90,5,True,True
RetailNet,supplier_disruption,130,90,6,True,True
