dataset,scenario,comparison,metric,mean,ci_low,ci_high,seeds,unit,relative_change_pct,relative_ci_low,relative_ci_high
M5,promotion,conventional,fill_rate,23.97595107469492,23.452205322844776,24.48288408644447,30,percentage_points,,,
M5,promotion,conventional,cost_per_demand,-1.1806323254985536,-1.2059495180153552,-1.1544570136720387,30,cost_index_per_demand,-69.90483299671187,-71.02954197361484,-68.7183127493388
M5,promotion,conventional,expiry_share,0.0,0.0,0.0,30,percentage_points,,,
M5,promotion,structured_planner,fill_rate,-0.025157722837357472,-0.08738834713582833,0.021889638961099706,30,percentage_points,,,
M5,promotion,structured_planner,cost_per_demand,0.0012292236502964718,-0.0011068188465237106,0.004306343528248916,30,cost_index_per_demand,0.18521464240658853,-0.21574807192063963,0.7155343621533662
M5,promotion,structured_planner,expiry_share,0.0,0.0,0.0,30,percentage_points,,,
M5,routine,conventional,fill_rate,19.11546093541063,18.588291459777988,19.622134707962786,30,percentage_points,,,
M5,routine,conventional,cost_per_demand,-0.9357555376352755,-0.9610115158133247,-0.909559191078554,30,cost_index_per_demand,-67.59123340520813,-68.89844397693858,-66.31700645676553
M5,routine,conventional,expiry_share,0.0,0.0,0.0,30,percentage_points,,,
M5,routine,structured_planner,fill_rate,0.0,0.0,0.0,30,percentage_points,,,
M5,routine,structured_planner,cost_per_demand,0.0,0.0,0.0,30,cost_index_per_demand,0.0,0.0,0.0
M5,routine,structured_planner,expiry_share,0.0,0.0,0.0,30,percentage_points,,,
M5,supplier_disruption,conventional,fill_rate,32.756064330638715,32.2212527527835,33.26836308155558,30,percentage_points,,,
M5,supplier_disruption,conventional,cost_per_demand,-1.6130151032017561,-1.6384289669056544,-1.5863285653049464,30,cost_index_per_demand,-72.35704797780093,-73.34859073273479,-71.31535225066952
M5,supplier_disruption,conventional,expiry_share,0.0,0.0,0.0,30,percentage_points,,,
M5,supplier_disruption,structured_planner,fill_rate,0.0,0.0,0.0,30,percentage_points,,,
M5,supplier_disruption,structured_planner,cost_per_demand,0.0,0.0,0.0,30,cost_index_per_demand,0.0,0.0,0.0
M5,supplier_disruption,structured_planner,expiry_share,0.0,0.0,0.0,30,percentage_points,,,
RetailNet,promotion,conventional,fill_rate,1.0657374700811486,0.8909855618273814,1.2309574185788303,30,percentage_points,,,
RetailNet,promotion,conventional,cost_per_demand,-0.056090035396513,-0.0638658628814966,-0.0477496126770926,30,cost_index_per_demand,-6.1181967968329385,-6.961222171471442,-5.21778802358316
RetailNet,promotion,conventional,expiry_share,-0.34973892901629566,-0.4707543060255303,-0.2328032204287135,30,percentage_points,,,
RetailNet,promotion,structured_planner,fill_rate,-0.6030341015535261,-0.6921730285252958,-0.5064204412167314,30,percentage_points,,,
RetailNet,promotion,structured_planner,cost_per_demand,0.026024596959726344,0.0217819397151497,0.030067563643077375,30,cost_index_per_demand,3.1162536885113488,2.597531136711948,3.6120826016485355
RetailNet,promotion,structured_planner,expiry_share,-0.2619405377857222,-0.35067794273610603,-0.17440472237541568,30,percentage_points,,,
RetailNet,routine,conventional,fill_rate,0.5664844512209343,0.4494285527371998,0.673856981353383,30,percentage_points,,,
RetailNet,routine,conventional,cost_per_demand,-0.03172521948531778,-0.037448646578520005,-0.025484659818732453,30,cost_index_per_demand,-4.272742165989689,-5.01497157434296,-3.4535177719553802
RetailNet,routine,conventional,expiry_share,-0.3068885027548686,-0.39261973540426115,-0.22788591496833815,30,percentage_points,,,
RetailNet,routine,structured_planner,fill_rate,0.0,0.0,0.0,30,percentage_points,,,
RetailNet,routine,structured_planner,cost_per_demand,0.0,0.0,0.0,30,cost_index_per_demand,0.0,0.0,0.0
RetailNet,routine,structured_planner,expiry_share,0.0,0.0,0.0,30,percentage_points,,,
RetailNet,supplier_disruption,conventional,fill_rate,0.7182712349358017,0.6179420188339406,0.8248430133972703,30,percentage_points,,,
RetailNet,supplier_disruption,conventional,cost_per_demand,-0.03527380150483209,-0.04060466005621461,-0.030285577867592672,30,cost_index_per_demand,-3.2992176038816177,-3.76660387664167,-2.84924293450856
RetailNet,supplier_disruption,conventional,expiry_share,0.42212997599243907,0.3890614516643453,0.45614665738299415,30,percentage_points,,,
RetailNet,supplier_disruption,structured_planner,fill_rate,0.0,0.0,0.0,30,percentage_points,,,
RetailNet,supplier_disruption,structured_planner,cost_per_demand,0.0,0.0,0.0,30,cost_index_per_demand,0.0,0.0,0.0
RetailNet,supplier_disruption,structured_planner,expiry_share,0.0,0.0,0.0,30,percentage_points,,,
