dataset,scenario,arm,seeds,fill_rate,fill_rate_ci_low,fill_rate_ci_high,cost_per_demand,cost_per_demand_ci_low,cost_per_demand_ci_high,expiry_share,expiry_share_ci_low,expiry_share_ci_high,operating_cost,operating_cost_ci_low,operating_cost_ci_high,holding_cost,holding_cost_ci_low,holding_cost_ci_high,shortage_cost,shortage_cost_ci_low,shortage_cost_ci_high,expiry_cost,expiry_cost_ci_low,expiry_cost_ci_high,held_days,held_days_ci_low,held_days_ci_high,purchase_spend,purchase_spend_ci_low,purchase_spend_ci_high,actual_violations
M5,promotion,conventional,30,0.6659914190618482,0.6608423040983823,0.6711748113713162,1.6891564003567194,1.6633072549563075,1.7147997947559634,0.0,0.0,0.0,2283.202285901038,2246.5783698519012,2319.4552609421403,25.82936152356144,25.60237010284539,26.06542438213595,2257.372924377477,2220.6420927951385,2293.7130412099123,0.0,0.0,0.0,0.0,0.0,0.0,795.9666666666667,786.6,805.5666666666667,0
M5,promotion,llm_agents,30,0.9057509298087977,0.9011544602971008,0.9099255038501314,0.508524074858166,0.4878411133832288,0.5312722925490195,0.0,0.0,0.0,687.6188009667596,658.8733540100415,719.4410697264765,50.37838077839013,49.895587834575956,50.85710363072969,637.2404201883694,608.363037780625,669.3155885474844,0.0,0.0,0.0,0.0,0.0,0.0,1515.7666666666667,1506.6666666666667,1525.0666666666666,0
M5,promotion,structured_planner,30,0.9060025070371711,0.9017142302031649,0.9099968195597067,0.5072948512078695,0.4873588957964549,0.5286325510319166,0.0,0.0,0.0,685.930598577312,658.392358802033,715.6449592734209,50.41738137424282,49.95135273700816,50.886442917948386,635.5132172030693,607.8648722686459,665.4221827160777,0.0,0.0,0.0,0.0,0.0,0.0,1520.1,1512.1333333333334,1528.5666666666666,0
M5,routine,conventional,30,0.7278175827067367,0.7217361336397522,0.7335667326048863,1.3846850932150787,1.3560185774289382,1.4149258907469942,0.0,0.0,0.0,1527.1107105581646,1494.8953497398363,1561.1206387613706,26.213969810048898,26.008756641119746,26.42273379967422,1500.896740748115,1468.5908009144343,1535.0073621352878,0.0,0.0,0.0,0.0,0.0,0.0,654.6666666666666,647.0991666666667,662.4666666666667,0
M5,routine,llm_agents,30,0.9189721920608432,0.9145489701559589,0.9231154832114942,0.4489295555798031,0.4283136374470783,0.4709602817139382,0.0,0.0,0.0,495.2139109152451,471.9217703586405,519.970000515404,48.28373666964786,47.88589541081861,48.6732101729397,446.93017424559736,423.5271367593027,471.79579327962887,0.0,0.0,0.0,0.0,0.0,0.0,1171.1333333333334,1162.1,1180.3666666666666,0
M5,routine,structured_planner,30,0.9189721920608432,0.9145489701559589,0.9231154832114942,0.4489295555798031,0.4283136374470783,0.4709602817139382,0.0,0.0,0.0,495.2139109152451,471.9217703586405,519.970000515404,48.28373666964786,47.88589541081861,48.6732101729397,446.93017424559736,423.5271367593027,471.79579327962887,0.0,0.0,0.0,0.0,0.0,0.0,1171.1333333333334,1162.1,1180.3666666666666,0
M5,supplier_disruption,conventional,30,0.5575567001201195,0.5538470489310697,0.5611449522341193,2.2292706917263674,2.2114574471013837,2.2476775403016704,0.0,0.0,0.0,2458.78876709952,2433.5998275874276,2485.0336975025575,18.80456360975234,18.63117271537337,18.99214914634278,2439.9842034897683,2414.656983974384,2466.2760797677342,0.0,0.0,0.0,0.0,0.0,0.0,232.56666666666666,229.1325,236.0,0
M5,supplier_disruption,llm_agents,30,0.8851173434265065,0.8803610812270921,0.8896751652806042,0.6162555885246113,0.5936260256045633,0.6399406906480064,0.0,0.0,0.0,679.5940654857546,654.2902455662309,705.3891100191145,46.13530711302744,45.40043837130957,46.88171095262615,633.458758372727,608.072811164498,659.480360292741,0.0,0.0,0.0,0.0,0.0,0.0,1336.5,1325.8333333333333,1347.1,0
M5,supplier_disruption,structured_planner,30,0.8851173434265065,0.8803610812270921,0.8896751652806042,0.6162555885246113,0.5936260256045633,0.6399406906480064,0.0,0.0,0.0,679.5940654857546,654.2902455662309,705.3891100191145,46.13530711302744,45.40043837130957,46.88171095262615,633.458758372727,608.072811164498,659.480360292741,0.0,0.0,0.0,0.0,0.0,0.0,1336.5,1325.8333333333333,1347.1,0
RetailNet,promotion,conventional,30,0.8310163748152403,0.8270806671863224,0.8347123994661466,0.9222874903708085,0.9036889343331286,0.94232728855077,0.06564022615036881,0.06426219182869337,0.06704493773730945,33466.5510725806,32772.87674586938,34210.924362288664,476.65684286441393,472.3582507401171,481.10837619638465,30659.619072748428,29962.19206922304,31399.772069114668,2330.2751569677575,2283.7350893166563,2377.2612086557187,0.0,0.0,0.0,31650.933333333334,31496.024166666666,31806.004166666666,0
RetailNet,promotion,llm_agents,30,0.8416737495160518,0.8370896832483518,0.8459861328747184,0.8661974549742958,0.84516018382823,0.8885986452921516,0.062142836860205865,0.0608272377378851,0.06344823987796662,31432.437818644506,30642.137929778324,32266.311671913092,474.08562257262525,469.4566262542594,479.17226555629554,28727.362697504705,27918.39916937109,29586.2623550621,2230.989498567174,2182.4533493909644,2280.4229546491224,0.0,0.0,0.0,32407.466666666667,32167.359999999997,32637.368333333332,0
RetailNet,promotion,structured_planner,30,0.8477040905315868,0.8432011333193684,0.851900730768728,0.8401728580145693,0.8196083808740067,0.8624905308880575,0.06476224223806308,0.06363310819825276,0.06586156399979615,30487.242366529863,29718.286412803565,31314.617494511207,494.4382995952436,490.9578554229488,498.04559104706334,27632.330277131754,26851.596863026312,28471.430889604148,2360.473789802864,2319.0013586385126,2402.5704422111976,0.0,0.0,0.0,33356.9,33184.76416666667,33531.13416666666,0
RetailNet,routine,conventional,30,0.8708685942547721,0.8669211648487308,0.8745978857940075,0.7451499122577313,0.726281655559616,0.7651598228650301,0.08019237042237154,0.0787801381953608,0.08163168222021197,22154.41929522302,21578.69056746889,22769.83850535315,456.6252090557693,453.2955468166564,460.1962868266532,19197.00192409696,18634.68790129968,19798.822630584524,2500.7921620702864,2460.7962955091907,2541.0737769718894,0.0,0.0,0.0,25790.6,25677.3325,25904.435833333333,0
RetailNet,routine,llm_agents,30,0.8765334387669814,0.8723264339517074,0.880448723590613,0.7134246927724137,0.6938707247606026,0.7343940866358464,0.07712348539482286,0.07599246412602922,0.07826328334621814,21211.46651556132,20613.285801803486,21847.461435201974,454.4881554795794,451.40038684093906,457.63104551660945,18355.237181702145,17759.8814952596,18992.069417954914,2401.741178379601,2368.927087840636,2435.3723461040245,0.0,0.0,0.0,26039.233333333334,25924.162500000002,26156.768333333333,0
RetailNet,routine,structured_planner,30,0.8765334387669814,0.8723264339517074,0.880448723590613,0.7134246927724137,0.6938707247606026,0.7343940866358464,0.07712348539482286,0.07599246412602922,0.07826328334621814,21211.46651556132,20613.285801803486,21847.461435201974,454.4881554795794,451.40038684093906,457.63104551660945,18355.237181702145,17759.8814952596,18992.069417954914,2401.741178379601,2368.927087840636,2435.3723461040245,0.0,0.0,0.0,26039.233333333334,25924.162500000002,26156.768333333333,0
RetailNet,supplier_disruption,conventional,30,0.8040539898674132,0.8000150643401326,0.807963034311015,1.063083651301795,1.0435138956433787,1.0836239838227404,0.06502610663589524,0.06436163408319298,0.06566907188567528,31605.419523493485,31008.2786354136,32227.734793739364,461.49426583625825,456.9310583086495,465.86024495511896,29127.742837261874,28528.552492499613,29747.456687728045,2016.1824203953463,1994.6613385747721,2037.1284924326244,0.0,0.0,0.0,27737.5,27617.397500000003,27854.3,0
RetailNet,supplier_disruption,llm_agents,30,0.8112367022167712,0.8074186170473829,0.8148789449267602,1.0278098497969628,1.0096223632051244,1.0468835926112474,0.06924740639581962,0.0684874532719753,0.0700306469592998,30557.389862756303,30002.196657322107,31143.468784318593,438.183097008717,434.9242469643451,441.45827332717147,28060.685284387626,27502.51523576395,28646.9889659838,2058.521481359954,2036.4102113862111,2080.9124979001876,0.0,0.0,0.0,28249.466666666667,28118.898333333334,28377.934166666666,0
RetailNet,supplier_disruption,structured_planner,30,0.8112367022167712,0.8074186170473829,0.8148789449267602,1.0278098497969628,1.0096223632051244,1.0468835926112474,0.06924740639581962,0.0684874532719753,0.0700306469592998,30557.389862756303,30002.196657322107,31143.468784318593,438.183097008717,434.9242469643451,441.45827332717147,28060.685284387626,27502.51523576395,28646.9889659838,2058.521481359954,2036.4102113862111,2080.9124979001876,0.0,0.0,0.0,28249.466666666667,28118.898333333334,28377.934166666666,0
