calculator,history,shelf_life_days,demand_multiplier,runs,cost,fill_rate,waste_fraction
age_aware,raw,1,1.0,30,444.2409252522518,0.8704730210603854,0.4513804275424877
age_aware,raw,1,1.25,30,490.2625770874178,0.8214942963759663,0.3528117346913711
age_aware,raw,1,1.5,30,571.9640180193308,0.7619971422701542,0.27961793028292703
age_aware,raw,3,1.0,30,250.80001405912105,0.9646876002648946,0.12011302335183151
age_aware,raw,3,1.25,30,303.3008026779035,0.9208039308316383,0.06628816257935764
age_aware,raw,3,1.5,30,387.90953760163654,0.8645798020767906,0.03957562755866183
age_aware,raw,7,1.0,30,208.43833934138826,0.9640299573864827,0.006791428672687643
age_aware,raw,7,1.25,30,278.1694623338865,0.9205174491291054,0.005526635074932797
age_aware,raw,7,1.5,30,372.43811551396357,0.864592058542417,0.004778307902691213
age_aware,selected_recovery,1,1.0,30,445.35583178547745,0.8749227994937243,0.4545253186576957
age_aware,selected_recovery,1,1.25,30,489.56989076061797,0.8266861097871604,0.3557520314086365
age_aware,selected_recovery,1,1.5,30,570.7271857600407,0.7667330566095132,0.28296595610362035
age_aware,selected_recovery,3,1.0,30,251.18784737005225,0.9670612486908258,0.1243105797338732
age_aware,selected_recovery,3,1.25,30,300.5690628093244,0.9260714792345102,0.070388313009202
age_aware,selected_recovery,3,1.5,30,383.2645181497844,0.8705545190033319,0.042583174178360925
age_aware,selected_recovery,7,1.0,30,206.32614928278315,0.9668782693371162,0.006766707075927717
age_aware,selected_recovery,7,1.25,30,273.6729921100528,0.9258289842281401,0.00549752456172971
age_aware,selected_recovery,7,1.5,30,366.4855376102197,0.8706135035821245,0.004746839435438136
order_up_to,raw,1,1.0,30,472.52988782603524,0.7940763522278149,0.46161401131704044
order_up_to,raw,1,1.25,30,534.945557093863,0.745575573234195,0.3681177405680448
order_up_to,raw,1,1.5,30,625.4762192617619,0.6920886321372756,0.2961363963664251
order_up_to,raw,3,1.0,30,233.4784787160406,0.9157516209003134,0.06860251869132199
order_up_to,raw,3,1.25,30,325.7840235434939,0.843694093328132,0.04084195974226533
order_up_to,raw,3,1.5,30,454.8280759769818,0.7610443494989851,0.03233220254006019
order_up_to,raw,7,1.0,30,216.02835718786736,0.9162135229706211,0.007794518723582953
order_up_to,raw,7,1.25,30,314.94688809804563,0.8445863091339333,0.006409023019391683
order_up_to,raw,7,1.5,30,445.4676964641787,0.7626091175614792,0.0056334038405833125
order_up_to,selected_recovery,1,1.0,30,472.48091162225063,0.7998207365764485,0.46400972956067577
order_up_to,selected_recovery,1,1.25,30,534.1116527390092,0.7508797554612684,0.3710076816981248
order_up_to,selected_recovery,1,1.5,30,626.0210263492049,0.6954714725071515,0.3009076589880252
order_up_to,selected_recovery,3,1.0,30,232.06981395736233,0.9205062712369197,0.07492760500542454
order_up_to,selected_recovery,3,1.25,30,321.50205735371384,0.8499109183832202,0.044107538069791764
order_up_to,selected_recovery,3,1.5,30,448.5044110971823,0.7679659965665349,0.03327694889156349
order_up_to,selected_recovery,7,1.0,30,213.40327213677787,0.9209368186161855,0.00774601689960345
order_up_to,selected_recovery,7,1.25,30,310.48476761370927,0.8504033053490233,0.006370208419655017
order_up_to,selected_recovery,7,1.5,30,439.54866076664524,0.7689487095046488,0.00559070539156244
