scenario,policy,runs,cost,fill_rate,stockout_rate,mean_inventory,bullwhip,hard_violations,held_decisions,reference_deviations,executed_actions
normal,B1,30,18290.32255,0.7755778259299385,0.28793650793650793,2114.6761904761906,2.4742391010601787,210,0,2,210
derived_field_collapse,B1,30,18610.242975,0.7848456121343445,0.27095238095238094,2513.4714285714285,31.11884059530728,266,0,2,210
feed_gap,B1,30,19447.739608333333,0.7565479414951246,0.3001587301587302,2226.861904761905,2.8718730942250987,209,0,3,210
normal,B2,30,19685.441566666665,0.6973997833152763,0.3563492063492063,1812.5523809523809,2.968330164515458,190,0,20,210
derived_field_collapse,B2,30,19172.461091666668,0.7287310400866739,0.32126984126984126,2191.9380952380952,38.17212041747083,204,0,36,210
feed_gap,B2,30,22377.343758333336,0.6531261285662694,0.39349206349206345,2006.4142857142858,11.305837943066507,190,0,24,210
normal,B3,30,18794.032883333333,0.8502708559046588,0.20079365079365077,2911.2476190476195,0.13353904342356687,0,0,107,210
derived_field_collapse,B3,30,19026.791166666666,0.8497630010834236,0.20031746031746028,3025.6190476190477,0.09173785146973355,0,0,138,210
feed_gap,B3,30,19607.016883333334,0.8327622788010112,0.21698412698412692,3035.819047619048,0.14050625751846882,0,0,135,210
normal,B4,30,24013.142633333333,0.434940411700975,0.5773015873015873,1075.4857142857143,0.0,0,210,0,0
derived_field_collapse,B4,30,24013.142633333333,0.434940411700975,0.5773015873015873,1075.4857142857143,0.0,0,210,0,0
feed_gap,B4,30,24013.142633333333,0.434940411700975,0.5773015873015873,1075.4857142857143,0.0,0,210,0,0
