scenario,seed,repair_minus_no_repair_cost,repair_minus_no_repair_fill_pp
normal,0,0.0,0.0
normal,1,0.0,0.0
normal,2,0.0,0.0
normal,3,0.0,0.0
normal,4,0.0,0.0
normal,5,0.0,0.0
normal,6,0.0,0.0
normal,7,0.0,0.0
normal,8,0.0,0.0
normal,9,0.0,0.0
normal,10,0.0,0.0
normal,11,0.0,0.0
normal,12,0.0,0.0
normal,13,0.0,0.0
normal,14,0.0,0.0
normal,15,0.0,0.0
normal,16,0.0,0.0
normal,17,0.0,0.0
normal,18,0.0,0.0
normal,19,0.0,0.0
normal,20,0.0,0.0
normal,21,0.0,0.0
normal,22,0.0,0.0
normal,23,0.0,0.0
normal,24,0.0,0.0
normal,25,0.0,0.0
normal,26,0.0,0.0
normal,27,0.0,0.0
normal,28,0.0,0.0
normal,29,0.0,0.0
derived_field_collapse,0,-3475.5455,16.91495124593716
derived_field_collapse,1,-2877.422999999999,10.908721560130008
derived_field_collapse,2,-1460.0457499999975,11.28114842903576
derived_field_collapse,3,-975.9952499999999,6.520855904658718
derived_field_collapse,4,-4166.56625,18.391115926327195
derived_field_collapse,5,-1493.7817499999983,7.807421451787655
derived_field_collapse,6,-3262.005250000002,15.919555796316365
derived_field_collapse,7,-2327.3417499999996,16.732123510292528
derived_field_collapse,8,-6683.512999999999,20.564734561213427
derived_field_collapse,9,84.29025000000183,8.186619718309862
derived_field_collapse,10,-1457.437750000001,7.6449079089924155
derived_field_collapse,11,-2816.5317499999946,11.247291440953411
derived_field_collapse,12,-2281.5137499999983,10.136782231852647
derived_field_collapse,13,-3782.6820000000007,17.625947995666312
derived_field_collapse,14,-1381.5927499999962,7.218309859154937
derived_field_collapse,15,-1443.0112499999996,7.3131094257854805
derived_field_collapse,16,-687.8492499999993,9.561213434452863
derived_field_collapse,17,-2161.9445000000014,8.545503791982668
derived_field_collapse,18,105.9172499999986,3.9341820151679308
derived_field_collapse,19,-5510.969750000002,21.851300108342365
derived_field_collapse,20,-4273.950250000002,17.68011917659805
derived_field_collapse,21,-4637.543249999999,15.289815817984831
derived_field_collapse,22,1935.8880000000026,2.7153304442036785
derived_field_collapse,23,-5702.49625,21.75650054171181
derived_field_collapse,24,-2671.286,15.249187432286027
derived_field_collapse,25,-4132.875250000001,18.472372697724804
derived_field_collapse,26,-4054.0162500000006,17.63271939328277
derived_field_collapse,27,-1351.037500000004,7.245395449620807
derived_field_collapse,28,-76.66649999999936,7.963163596966416
derived_field_collapse,29,1016.6289999999972,5.234290357529792
feed_gap,0,0.0,0.0
feed_gap,1,0.0,0.0
feed_gap,2,0.0,0.0
feed_gap,3,0.0,0.0
feed_gap,4,0.0,0.0
feed_gap,5,0.0,0.0
feed_gap,6,0.0,0.0
feed_gap,7,0.0,0.0
feed_gap,8,0.0,0.0
feed_gap,9,0.0,0.0
feed_gap,10,0.0,0.0
feed_gap,11,0.0,0.0
feed_gap,12,0.0,0.0
feed_gap,13,0.0,0.0
feed_gap,14,0.0,0.0
feed_gap,15,0.0,0.0
feed_gap,16,0.0,0.0
feed_gap,17,0.0,0.0
feed_gap,18,0.0,0.0
feed_gap,19,0.0,0.0
feed_gap,20,0.0,0.0
feed_gap,21,0.0,0.0
feed_gap,22,0.0,0.0
feed_gap,23,0.0,0.0
feed_gap,24,0.0,0.0
feed_gap,25,0.0,0.0
feed_gap,26,0.0,0.0
feed_gap,27,0.0,0.0
feed_gap,28,0.0,0.0
feed_gap,29,0.0,0.0
capacity_cut,0,0.0,0.0
capacity_cut,1,0.0,0.0
capacity_cut,2,0.0,0.0
capacity_cut,3,0.0,0.0
capacity_cut,4,0.0,0.0
capacity_cut,5,0.0,0.0
capacity_cut,6,0.0,0.0
capacity_cut,7,0.0,0.0
capacity_cut,8,0.0,0.0
capacity_cut,9,0.0,0.0
capacity_cut,10,0.0,0.0
capacity_cut,11,0.0,0.0
capacity_cut,12,0.0,0.0
capacity_cut,13,0.0,0.0
capacity_cut,14,0.0,0.0
capacity_cut,15,0.0,0.0
capacity_cut,16,0.0,0.0
capacity_cut,17,0.0,0.0
capacity_cut,18,0.0,0.0
capacity_cut,19,0.0,0.0
capacity_cut,20,0.0,0.0
capacity_cut,21,0.0,0.0
capacity_cut,22,0.0,0.0
capacity_cut,23,0.0,0.0
capacity_cut,24,0.0,0.0
capacity_cut,25,0.0,0.0
capacity_cut,26,0.0,0.0
capacity_cut,27,0.0,0.0
capacity_cut,28,0.0,0.0
capacity_cut,29,0.0,0.0
