arm,scenario,matched_seeds,primary_cost,calibrated_cost,cost_change_pct,primary_fill,calibrated_fill,fill_change_pp,primary_held_days,calibrated_held_days
llm_no_recovery,capacity_cut,2,21572.96675,16990.71725,-21.24070162950582,0.5743838028169014,0.7608003791982665,18.64165763813651,4,1
llm_no_recovery,derived_field_collapse,2,23331.29425,19837.975375,-14.972675058521446,0.4517876489707476,0.6880078548212352,23.62202058504876,14,7
llm_no_recovery,feed_gap,2,23331.29425,19837.975375,-14.972675058521446,0.4517876489707476,0.6880078548212352,23.62202058504876,14,7
llm_no_recovery,normal,2,23331.29425,18454.948875000002,-20.900449511068153,0.4517876489707476,0.8023090465872156,35.0521397616468,14,3
llm_recovery,capacity_cut,2,21572.96675,16990.71725,-21.24070162950582,0.5743838028169014,0.7608003791982665,18.64165763813651,4,1
llm_recovery,derived_field_collapse,2,23331.29425,18454.948875000002,-20.900449511068153,0.4517876489707476,0.8023090465872156,35.0521397616468,14,3
llm_recovery,feed_gap,2,23331.29425,19837.975375,-14.972675058521446,0.4517876489707476,0.6880078548212352,23.62202058504876,14,7
llm_recovery,normal,2,23331.29425,18454.948875000002,-20.900449511068153,0.4517876489707476,0.8023090465872156,35.0521397616468,14,3
parser_no_recovery,capacity_cut,2,21572.96675,16990.71725,-21.24070162950582,0.5743838028169014,0.7608003791982665,18.64165763813651,4,1
parser_no_recovery,derived_field_collapse,2,23331.29425,19837.975375,-14.972675058521446,0.4517876489707476,0.6880078548212352,23.62202058504876,14,7
parser_no_recovery,feed_gap,2,23331.29425,19837.975375,-14.972675058521446,0.4517876489707476,0.6880078548212352,23.62202058504876,14,7
parser_no_recovery,normal,2,23331.29425,18454.948875000002,-20.900449511068153,0.4517876489707476,0.8023090465872156,35.0521397616468,14,3
parser_recovery,capacity_cut,2,21572.96675,16990.71725,-21.24070162950582,0.5743838028169014,0.7608003791982665,18.64165763813651,4,1
parser_recovery,derived_field_collapse,2,23331.29425,18454.948875000002,-20.900449511068153,0.4517876489707476,0.8023090465872156,35.0521397616468,14,3
parser_recovery,feed_gap,2,23331.29425,19837.975375,-14.972675058521446,0.4517876489707476,0.6880078548212352,23.62202058504876,14,7
parser_recovery,normal,2,23331.29425,18454.948875000002,-20.900449511068153,0.4517876489707476,0.8023090465872156,35.0521397616468,14,3
