target_kind,method,training_censor_stratum,n,sales_denominator,wape,signed_bias
observed_daily_proxy,lightgbm_gbm_recovered,0,70,44.83,0.3955511389033904,-0.03870272277362004
observed_daily_proxy,lightgbm_gbm_recovered,1,70,42.52,0.4449385606667087,-0.000777851547296398
observed_daily_proxy,lightgbm_gbm_recovered,2,70,60.33000000000001,0.3780720250092897,0.0009464446950146815
observed_daily_proxy,lightgbm_profile_recovered,0,70,44.83,0.40930419882697705,0.10311093698944931
observed_daily_proxy,lightgbm_profile_recovered,1,70,42.52,0.4603018345818466,0.11740249188650843
observed_daily_proxy,lightgbm_profile_recovered,2,70,60.33000000000001,0.365603291899653,0.01094149980350294
observed_daily_proxy,lightgbm_raw,0,70,44.83,0.4018271130842686,-0.08679123894206595
observed_daily_proxy,lightgbm_raw,1,70,42.52,0.4469360893796023,-0.003969773445405231
observed_daily_proxy,lightgbm_raw,2,70,60.33000000000001,0.37551362620904977,-0.0026773818544585395
observed_daily_proxy,seasonal_naive_raw,0,70,44.83,0.5712692393486505,0.01494534909658711
observed_daily_proxy,seasonal_naive_raw,1,70,42.52,0.4564910630291627,0.034571966133584195
observed_daily_proxy,seasonal_naive_raw,2,70,60.33000000000001,0.3707939665174871,0.02834410740924912
fully_in_stock_daily_sales,lightgbm_gbm_recovered,0,33,21.129999999999995,0.3892466178381094,-0.0012459265826546902
fully_in_stock_daily_sales,lightgbm_gbm_recovered,1,39,20.26,0.4668204742420198,0.11156253274293905
fully_in_stock_daily_sales,lightgbm_gbm_recovered,2,42,39.230000000000004,0.349624965323292,0.0890934908598787
fully_in_stock_daily_sales,lightgbm_profile_recovered,0,33,21.129999999999995,0.4200918936976175,0.11104192818999649
fully_in_stock_daily_sales,lightgbm_profile_recovered,1,39,20.26,0.5213255838108172,0.2676039134424945
fully_in_stock_daily_sales,lightgbm_profile_recovered,2,42,39.230000000000004,0.328006876091136,0.038139928222280635
fully_in_stock_daily_sales,lightgbm_raw,0,33,21.129999999999995,0.3985994660298363,-0.060535154321497496
fully_in_stock_daily_sales,lightgbm_raw,1,39,20.26,0.46651743969846454,0.11569806308702309
fully_in_stock_daily_sales,lightgbm_raw,2,42,39.230000000000004,0.342637768244895,0.09480408143932041
fully_in_stock_daily_sales,seasonal_naive_raw,0,33,21.129999999999995,0.5494557501183153,0.1642214860388074
fully_in_stock_daily_sales,seasonal_naive_raw,1,39,20.26,0.5241855873642643,0.19052319842053306
fully_in_stock_daily_sales,seasonal_naive_raw,2,42,39.230000000000004,0.31379046647973485,0.08080550599031353
