arm,scenario,runs,cost,fill_rate,held_decisions,hard_violations,llm_calls,tokens
llm_no_recovery,capacity_cut,30,16942.505250000002,0.759152672444926,15,0,5,3778
llm_no_recovery,derived_field_collapse,30,20500.69308333333,0.6694090827013361,105,0,0,0
llm_no_recovery,feed_gap,30,20500.69308333333,0.6694090827013361,105,0,0,0
llm_no_recovery,normal,30,18100.596516666665,0.7919239797760924,57,0,7,6583
llm_recovery,capacity_cut,30,16942.505250000002,0.759152672444926,15,0,5,3778
llm_recovery,derived_field_collapse,30,18100.596516666665,0.7919239797760924,57,0,90,161878
llm_recovery,feed_gap,30,20500.69308333333,0.6694090827013361,105,0,90,126241
llm_recovery,normal,30,18100.596516666665,0.7919239797760924,57,0,7,6583
parser_no_recovery,capacity_cut,30,16942.505250000002,0.759152672444926,15,0,0,0
parser_no_recovery,derived_field_collapse,30,20500.69308333333,0.6694090827013361,105,0,0,0
parser_no_recovery,feed_gap,30,20500.69308333333,0.6694090827013361,105,0,0,0
parser_no_recovery,normal,30,18100.596516666665,0.7919239797760924,57,0,0,0
parser_recovery,capacity_cut,30,16942.505250000002,0.759152672444926,15,0,0,0
parser_recovery,derived_field_collapse,30,18100.596516666665,0.7919239797760924,57,0,0,0
parser_recovery,feed_gap,30,20500.69308333333,0.6694090827013361,105,0,0,0
parser_recovery,normal,30,18100.596516666665,0.7919239797760924,57,0,0,0
