seed,b3_cost,calibrated_cost,b3_fill,calibrated_fill,b3_held_days,calibrated_held_days,calibrated_minus_b3_cost,calibrated_minus_b3_fill_pp
0,18834.1875,18385.8405,0.85170639219935,0.7767470205850487,0,2,-448.3470000000016,-7.495937161430122
1,18489.906,16631.1665,0.8616603466955579,0.8234696641386782,0,2,-1858.7394999999997,-3.819068255687974
2,18667.147,20357.31275,0.8451381365113759,0.7229821235102926,0,2,1690.1657500000001,-12.215601300108336
3,19054.028,17470.6185,0.8353196099674973,0.8081663055254604,0,2,-1583.409499999998,-2.7153304442036896
4,20285.255750000004,18782.16425,0.8183234019501625,0.7755281690140845,0,2,-1503.0915000000023,-4.2795232936078005
5,19219.26575,18143.078,0.844257854821235,0.79238894907909,0,2,-1076.1877499999973,-5.186890574214509
6,17918.2945,18127.5935,0.8826516793066089,0.7925243770314193,0,2,209.29899999999907,-9.012730227518961
7,18421.132,19509.3905,0.8597643553629469,0.784534127843987,0,1,1088.2585,-7.523022751895992
8,18481.64225,17485.63175,0.8524512459371615,0.7575162513542795,0,3,-996.0105000000003,-9.493499458288202
9,20756.791500000003,19597.772,0.8058640303358613,0.7953683640303358,0,1,-1159.0195000000022,-1.0495666305525453
10,18482.33525,16999.54625,0.863353196099675,0.8177816901408451,0,2,-1482.7890000000007,-4.557150595882986
11,20111.09975,19062.069250000004,0.8198131094257854,0.7346966413867823,0,3,-1049.0304999999971,-8.51164680390032
12,20453.42525,17772.216500000002,0.8234019501625135,0.8140574214517876,0,2,-2681.208749999998,-0.9344528710725886
13,17996.391750000003,17513.6175,0.8559046587215602,0.8016657638136512,0,2,-482.7742500000022,-5.4238894907909
14,19358.248,18566.732750000003,0.830511917659805,0.7750541711809318,0,2,-791.5152499999967,-5.545774647887325
15,17988.876,16765.334250000004,0.8653169014084507,0.8196099674972914,0,2,-1223.5417499999967,-4.570693391115932
16,18656.536,18383.08325,0.8479821235102926,0.8150731310942578,0,1,-273.4527500000004,-3.2908992416034732
17,17781.321750000003,16687.38475,0.8726977248104009,0.8230633802816901,0,2,-1093.9370000000017,-4.963434452871073
18,20510.61075,19218.78175,0.8013271939328277,0.7663867822318526,0,2,-1291.8290000000015,-3.494041170097506
19,16054.65375,15317.61525,0.9132583965330444,0.8473726977248104,0,2,-737.0384999999987,-6.588569880823403
20,18379.1745,18213.982,0.8573943661971831,0.7761375947995667,0,2,-165.19250000000102,-8.125677139761645
21,19573.899,18602.659750000003,0.8318661971830986,0.7330715059588299,0,3,-971.2392499999987,-9.879469122426876
22,18493.81375,19288.41425,0.8583423618634887,0.8013271939328277,0,1,794.6005000000005,-5.701516793066097
23,17458.418749999997,16717.1645,0.8825839653304443,0.8101300108342362,0,2,-741.2542499999981,-7.245395449620807
24,18711.9795,18406.66075,0.8516386782231853,0.7830444203683641,0,2,-305.3187500000022,-6.85942578548212
25,18223.85525,17707.77575,0.863556338028169,0.7885969664138678,0,2,-516.0794999999998,-7.495937161430122
26,18638.899,18267.2275,0.8559046587215602,0.7859561213434453,0,2,-371.6715000000004,-6.994853737811491
27,18396.859750000003,15755.24,0.8575297941495125,0.8479144095341279,0,2,-2641.6197500000035,-0.9615384615384581
28,18730.64725,19885.541,0.8590872156013001,0.7846018418201517,0,1,1154.8937499999993,-7.448537378114839
29,19692.29125,19396.28025,0.8395178764897074,0.8029523293607801,0,1,-296.0109999999986,-3.6565547128927345
